id,age,region_code,cc_cons
17591,37,575,11516.0
13541,33,394,12609.5
13431,53,324,10303.0
8687,33,370,14661.0
14988,30,454,14107.5
7625,37,623,12609.5
16492,34,123,13872.5
13674,33,613,10496.0
11981,29,249,107554.0
15288,34,583,11516.0
16760,38,595,15711.0
10805,47,355,12402.0
8830,53,809,181602.0
8926,40,233,137148.0
10974,29,762,296786.0
2155,35,535,7481.0
12154,53,249,14309.5
12227,37,867,15152.0
19961,42,233,14165.0
13866,49,299,12349.5
17498,34,969,11201.0
206,47,614,14359.5
7420,62,823,11126.0
8120,58,488,16870.0
16238,33,575,11734.0
3772,53,261,275165.0
710,53,269,19894.0
558,30,836,11201.0
1244,33,685,7902.5
1302,35,640,316574.0
547,42,698,14359.5
19129,58,799,301860.0
237,33,658,14107.5
11122,31,258,14661.0
18371,34,653,10555.0
6401,36,299,14107.5
19226,38,945,13597.0
4126,42,963,14359.5
11313,53,805,208359.0
3925,28,628,10934.5
15973,30,866,39794.5
12281,30,248,13263.0
353,37,818,2629.0
907,37,683,12609.5
1711,47,858,16174.0
9617,53,639,16174.0
12928,42,269,16174.0
3523,60,516,22541.0
18838,46,614,13995.0
306,60,865,11516.0
1551,58,908,16257.5
16640,30,454,10476.0
13546,35,537,16302.5
13371,34,258,9256.0
3981,33,628,16302.5
5662,46,723,14359.5
19586,40,538,5257.0
14489,30,805,175386.0
3085,34,633,18985.5
14821,29,523,1071.0
13040,55,574,12349.5
330,35,485,14661.0
2389,42,316,14309.5
10391,34,506,8631.0
4338,53,805,14359.5
19849,62,658,11126.0
13667,35,631,7047.0
12701,34,386,16991.0
18563,32,486,16337.0
5251,60,245,7456.0
6671,35,884,13263.0
15887,28,643,13297.0
544,33,574,15152.0
13494,29,523,16337.0
4304,34,737,10332.0
12181,53,809,15810.0
15041,38,523,100390.0
14167,40,372,12609.5
4659,66,485,336878.0
1820,27,698,16337.0
6317,35,924,7287.0
313,27,805,16326.5
13452,37,614,17830.0
3464,28,485,5350.0
4890,60,766,8779.5
11567,28,743,10286.5
17396,39,858,13263.0
13188,53,647,102733.0
15605,27,723,10937.0
7577,30,801,11516.0
8160,53,247,102208.0
1429,38,864,11692.0
14928,34,928,7270.0
799,30,370,16302.5
12678,40,771,8543.0
19053,53,394,13260.0
15806,51,748,14617.5
4144,32,958,11516.0
16232,42,614,18832.5
10365,69,865,11659.0
4202,42,595,122710.5
9671,28,958,11516.0
6615,63,537,12489.0
12050,32,249,10576.0
13998,69,653,18963.0
7406,55,614,14359.5
12497,27,710,1266.0
4662,37,966,16337.0
3661,35,945,11483.0
17436,62,538,16302.5
2332,28,511,1397.5
16771,37,606,14019.5
17110,30,296,293272.0
15967,37,258,299005.0
2882,30,766,11692.0
10774,28,867,19373.0
16516,62,656,11327.0
15883,46,737,14359.5
2947,44,523,12349.5
13476,33,863,11201.0
13301,40,818,11516.0
6468,69,710,2840.0
15135,47,355,14309.5
12114,47,809,14359.5
3839,28,355,12402.0
2886,63,247,11516.0
11928,27,748,12402.0
7299,36,801,6682.0
1306,33,485,16337.0
19221,33,606,10286.5
7039,28,259,2151.0
11499,35,700,6900.0
2124,29,454,7375.0
1907,42,537,15289.0
16979,55,723,14359.5
6629,28,516,16253.0
5295,50,445,12349.5
11961,33,614,11146.0
2822,67,454,9393.0
742,62,428,11034.0
8080,34,914,140356.0
12707,58,588,4886.0
3559,38,488,16302.5
4455,37,748,11201.0
16907,33,743,11046.0
1108,62,863,224734.5
280,56,686,16337.0
16566,47,535,10303.0
17535,28,355,19291.5
15464,42,653,13780.0
936,42,750,331696.0
17214,64,606,775.0
6182,47,454,10902.5
14305,30,945,12609.5
7534,62,519,14107.5
3025,51,683,16932.0
6393,28,505,16337.0
13441,69,503,39794.5
18252,32,766,11516.0
11194,27,887,11516.0
5219,60,814,13352.5
16914,29,516,15152.0
10003,53,593,15895.5
12338,66,575,16302.5
10155,35,245,11516.0
15472,30,647,217412.0
17157,28,653,11516.0
18166,42,535,14274.0
16485,49,355,16118.0
683,35,805,16337.0
6119,46,233,17520.0
4454,30,966,11516.0
9712,30,537,4886.0
4120,46,464,15895.5
15722,55,508,12349.5
17883,32,713,15152.0
9971,47,488,19055.0
18393,42,708,17149.5
1916,47,614,16174.0
2114,53,883,11156.0
15098,62,922,9543.0
16002,47,746,141837.0
14466,38,863,11201.0
7591,25,574,17216.0
11578,33,446,15152.0
12283,42,299,14937.0
17355,69,516,6602.0
6557,55,269,10637.5
1523,66,539,17959.0
579,30,539,14661.0
11196,37,503,16771.5
4925,32,683,24110.0
10260,32,267,10203.0
9575,60,583,15023.0
4517,60,511,7902.5
5120,40,656,9570.0
19457,66,805,11516.0
18888,66,911,164413.0
2356,53,818,14359.5
18014,60,445,12609.5
13964,33,488,10555.0
6774,47,958,16174.0
12210,60,259,13564.0
7735,69,710,1484.0
968,31,658,11483.0
19474,66,700,7563.0
10090,37,269,11516.0
11620,42,801,14359.5
19105,66,274,15568.5
18161,53,265,10230.0
16983,42,864,5672.0
16846,30,606,19242.0
12194,62,748,287695.0
3182,33,859,76448.0
16666,37,268,16337.0
10809,30,613,76448.0
16899,42,966,13995.0
1473,64,374,19200.5
11504,53,354,10855.0
7004,69,516,5683.0
12782,33,640,19528.0
3142,47,658,13780.0
15486,32,683,11516.0
10817,37,554,142594.0
18375,33,887,12609.5
3290,28,750,13655.5
5630,46,882,286428.0
13114,42,454,1587.5
17944,47,363,12349.5
6621,46,957,14165.0
8012,36,656,17732.0
5782,58,805,13719.0
14833,55,451,2459.5
3884,55,883,14359.5
9209,42,799,14359.5
17550,29,639,11516.0
1191,53,324,14309.5
16498,32,464,13263.0
11748,37,766,11201.0
16053,56,488,13719.0
11548,42,708,14359.5
11074,55,700,16932.0
9104,51,963,14359.5
11425,62,269,295044.0
3247,47,950,13290.5
7233,58,595,22224.5
13650,33,374,15152.0
11762,37,370,15918.0
9216,69,575,397493.0
19222,47,945,15895.5
2529,30,486,11516.0
8266,32,799,13597.0
15901,63,809,278967.5
9070,42,887,14359.5
15808,51,656,15756.5
19750,40,639,14107.5
5234,58,505,11516.0
19217,34,394,4746.0
19907,38,249,8543.0
833,64,385,5683.0
1966,38,708,1585.0
7703,32,370,12609.5
3739,69,883,5683.0
18300,29,725,13263.0
9834,34,269,4461.5
1992,27,743,16337.0
16462,47,882,18832.5
14735,28,296,137148.0
9481,37,535,16337.0
6989,28,867,11516.0
19741,35,805,5208.5
5767,33,713,9649.0
930,66,887,91458.0
1774,60,801,18392.0
13003,35,863,11516.0
1780,37,505,5123.5
5582,40,867,11516.0
19569,32,683,14019.5
3723,38,468,14661.0
7168,47,887,18811.0
19793,60,626,16337.0
5951,40,454,13597.0
6583,53,970,10518.5
18998,49,683,14359.5
8236,25,658,9250.0
19610,32,595,12609.5
5238,53,801,14359.5
5335,36,966,10937.0
19316,30,566,10286.5
9585,37,511,9643.0
14363,37,261,27005.0
6578,66,858,2472.0
1819,49,684,14359.5
3880,35,809,10555.0
9098,34,269,11516.0
17890,58,855,5683.0
7861,64,658,4479.0
5490,32,299,15424.0
1833,60,799,11516.0
13363,30,855,11516.0
4975,44,801,14359.5
273,27,485,11516.0
18951,38,863,16337.0
15165,30,593,14107.5
5178,37,836,278967.5
19386,42,269,12349.5
1635,60,369,7742.0
2814,33,516,15002.0
6974,29,700,16337.0
11636,58,908,14863.5
7414,33,593,3867.0
11880,33,866,27005.0
983,38,801,17396.0
18110,33,966,5102.0
7084,46,914,3174.0
14005,28,937,10144.0
19111,33,867,11516.0
10851,28,934,25766.0
4544,30,575,13564.0
6236,56,314,15152.0
15497,47,428,18814.0
19864,27,799,11201.0
15670,29,626,31354.5
8118,62,315,10643.0
7289,28,488,11377.0
5588,44,966,9567.0
10620,56,537,13944.0
1156,58,921,1245.0
18398,47,805,15810.0
7676,69,911,287695.0
17713,60,374,65880.0
14394,44,802,14359.5
17575,30,710,7902.5
8351,47,575,3902.5
7216,66,488,14186.0
1989,63,883,6777.0
19666,44,683,14359.5
3908,46,233,12349.5
14375,66,536,5066.0
7794,37,296,12609.5
7232,67,274,2669.0
2836,47,355,270582.5
3354,47,394,56698.5
3368,25,631,5408.5
8658,30,969,12402.0
3809,69,386,11516.0
5129,30,249,19291.5
16293,28,369,14009.5
8150,33,269,14107.5
4272,61,799,15758.0
15938,34,465,11535.0
9893,58,698,15758.0
1299,62,928,11168.0
7239,28,558,9114.5
8253,42,233,10230.0
19340,28,243,198645.5
18530,27,855,11516.0
14903,27,866,6650.0
14431,27,330,130073.0
17602,32,354,13597.0
8921,69,955,5066.0
11059,60,924,479.0
14565,30,385,13297.0
4955,60,537,11466.0
3535,69,799,11168.0
2024,47,539,14309.5
6295,29,921,16302.5
7085,42,865,15895.5
1389,60,314,10762.0
3659,34,683,12609.5
15509,37,698,15336.5
16938,36,863,16337.0
15432,50,658,14359.5
12074,40,535,12609.5
1709,37,593,97464.5
10048,53,966,14359.5
7271,47,805,14359.5
10196,66,351,215530.0
2901,33,858,10286.5
3877,53,737,14359.5
15160,56,244,6777.0
8443,33,374,16905.0
1716,31,485,14107.5
7870,32,575,4624.0
4318,64,882,10203.0
11351,46,743,96077.0
15465,28,508,3079.0
4331,35,866,13655.5
18955,46,737,3982.0
2510,44,958,18322.0
4009,53,860,15895.5
15468,33,766,13564.0
7463,42,299,12349.5
14882,69,955,1497.5
3610,33,683,11516.0
9378,33,268,16337.0
16582,35,887,38804.0
16761,32,354,130073.0
1226,33,818,16864.5
7344,61,698,7570.0
16365,39,631,16337.0
223,37,639,1765.5
11882,33,299,16048.0
7083,40,966,16337.0
14196,32,921,16048.0
5611,34,801,11483.0
11827,66,503,16337.0
3033,47,969,14359.5
13696,69,743,14580.0
16295,34,859,10937.0
7910,37,488,15152.0
1868,44,267,18814.0
3190,64,748,12402.0
549,47,516,10980.5
8940,32,259,198645.5
214,36,518,13597.0
3587,47,638,2854.0
11555,66,723,12636.0
8248,37,858,16302.5
15634,30,594,12609.5
6746,40,331,15152.0
2963,34,855,11516.0
2082,64,889,20388.0
16784,58,656,140356.0
5114,35,945,6682.0
4534,66,945,100545.0
2682,38,535,200521.0
7948,31,882,16302.5
112,55,249,2473.5
2220,30,708,10555.0
606,47,743,14359.5
11552,40,737,17434.5
7916,58,743,142594.0
13261,34,558,16337.0
9592,62,445,19528.0
5694,35,485,130367.0
7570,27,448,295044.0
15543,58,614,16337.0
3362,35,799,12609.5
5741,66,683,9566.0
24,66,424,9617.0
396,40,723,19120.0
3213,47,299,9567.0
14447,69,836,38804.0
14106,33,723,291005.0
5940,60,249,176945.0
19543,34,638,11948.5
10215,27,866,11483.0
16348,35,249,16771.5
2111,53,595,155732.5
7973,32,743,39794.5
1175,58,374,19528.0
1796,33,606,17246.0
7425,35,269,12609.5
13183,69,247,9617.0
471,30,535,16302.5
17683,42,867,12021.0
4770,35,505,7902.5
9601,66,270,13153.0
19986,33,267,11516.0
10682,35,523,8543.0
12224,36,818,24110.0
8319,67,351,113479.0
4618,37,299,7830.5
7976,29,454,16337.0
4810,37,424,11516.0
5049,32,818,15336.5
16928,40,653,13597.0
4327,56,713,14661.0
13368,66,394,11692.0
5657,28,369,10203.0
10792,35,506,10496.0
12313,33,464,6088.0
8295,34,708,12402.0
15707,46,796,17093.0
11441,66,713,207689.0
10964,66,614,15424.0
10850,33,723,16905.0
17588,27,658,14009.5
14495,42,799,14359.5
5522,32,519,170914.0
1588,33,574,7830.5
7587,47,864,14359.5
2381,34,958,10555.0
2879,35,743,14661.0
11681,27,503,13297.0
6929,63,516,11516.0
17457,40,855,11327.0
10894,33,693,13297.0
4822,47,966,14359.5
1647,69,595,19900.0
15006,55,385,12349.5
19487,53,511,74420.0
12585,69,723,6364.5
17909,27,245,2120.5
7793,38,737,293272.0
4763,50,656,12402.0
11444,64,867,6768.0
1627,56,355,215530.0
10371,32,855,9256.0
6978,55,914,14359.5
12945,29,486,11201.0
3539,67,867,11168.0
13601,49,748,331696.0
2245,38,799,11046.0
14887,55,448,14617.5
4278,66,614,7570.0
9950,60,928,17461.0
16690,42,805,14359.5
2416,58,966,9511.0
19947,35,805,8010.0
14802,55,966,15895.5
2165,34,448,11483.0
14756,66,864,8031.0
17443,31,247,16771.5
12952,36,244,7818.0
16486,55,233,2459.5
3597,37,523,6067.0
1319,47,748,14359.5
18246,49,261,14309.5
17179,46,700,13780.0
8259,33,269,11516.0
2694,34,243,25766.0
11899,30,685,12609.5
18023,62,464,207689.0
3774,38,300,18872.5
6848,49,623,14359.5
8283,53,464,2143.0
9358,28,299,18106.5
10515,35,300,11516.0
8756,55,516,2854.0
8468,42,566,6806.0
19165,34,296,8305.0
2818,47,233,10980.5
15919,32,265,7818.0
12633,32,683,176571.0
9901,58,355,5366.0
3422,37,866,7494.0
8666,32,626,2463.0
13659,32,958,103048.0
19319,35,244,5696.5
5897,35,708,1137.5
13079,47,836,14359.5
11678,66,269,1765.5
3708,34,330,11516.0
17810,29,628,14009.5
516,32,516,13597.0
13560,37,254,13263.0
18286,40,799,11139.5
2058,33,355,14107.5
7302,60,928,11046.0
19732,34,265,11516.0
12284,33,626,10144.0
6820,66,249,9256.0
17953,33,485,17216.0
17263,47,454,10637.5
4713,35,269,15234.0
12816,39,355,15152.0
13464,27,244,4173.0
1223,53,249,275165.0
13706,53,265,12349.5
9512,51,640,26262.0
14862,53,575,10303.0
12056,34,713,8543.0
3783,49,123,12349.5
4793,40,354,11516.0
8823,27,814,15918.0
14191,69,355,10681.0
15643,42,966,14359.5
12239,34,640,90968.0
2786,37,385,14107.5
15274,40,506,16337.0
537,62,626,16337.0
13445,25,958,12609.5
2634,37,958,216072.0
17840,67,628,11034.0
12312,35,623,16337.0
6709,28,858,10576.0
16546,63,883,175386.0
12124,31,503,16302.5
923,62,270,15152.0
4148,47,486,18832.5
15214,32,713,176945.0
9475,33,258,2151.0
12432,66,254,16302.5
18255,32,265,6647.5
8654,69,867,287695.0
5876,66,802,6127.0
3906,34,723,16337.0
4875,29,880,13860.0
14021,47,860,3174.0
2216,42,748,126604.0
16529,30,723,14048.0
5548,39,922,15152.0
9435,34,511,13564.0
2808,33,354,16337.0
11816,53,305,12349.5
9060,60,818,13597.0
5775,66,355,13547.0
17694,33,723,16337.0
3976,56,505,15152.0
17781,34,464,10991.0
8893,37,633,27330.5
5116,60,243,13860.0
13033,29,812,15941.0
16358,29,867,7902.5
17172,53,505,18832.5
3140,38,934,11955.0
13244,33,299,10476.0
2458,69,737,20388.0
17483,29,623,14107.5
14793,49,614,13780.0
7409,60,653,11483.0
15473,55,243,4746.0
16214,64,355,13153.0
17398,36,836,18605.0
1391,38,245,5066.0
18026,46,445,17051.0
16381,66,355,2238.0
5905,46,911,3174.0
18424,32,268,29866.0
5633,53,370,2473.5
4749,62,710,19900.0
12238,37,750,13655.5
16125,30,638,4868.5
1374,69,801,14009.5
17058,35,753,1675.5
16495,58,354,11516.0
16340,34,258,85155.0
13974,46,867,10731.0
16180,66,268,13263.0
19733,27,653,13297.0
10112,67,575,11550.5
16557,28,799,18411.0
18047,66,805,4370.0
12496,34,683,16302.5
11661,30,966,10239.0
12783,55,354,14617.5
7065,32,945,11516.0
19005,37,685,75184.5
15781,60,507,10203.0
14926,28,269,11535.0
19730,28,945,11516.0
321,30,755,5102.0
19587,58,748,207689.0
1721,32,254,13263.0
5511,32,658,11516.0
8899,30,445,8543.0
17717,34,799,16048.0
897,37,123,11396.0
14045,69,538,12489.0
1404,44,243,2870.0
8999,37,743,15353.0
8036,64,268,227806.0
1180,69,708,11034.0
8958,34,554,12609.5
6065,42,623,15895.5
9479,66,882,11201.0
8601,66,523,15711.0
18825,55,710,14359.5
6462,27,653,6067.0
14994,28,771,13297.0
9427,44,465,12349.5
13162,44,700,14359.5
8185,42,249,14937.0
17979,29,882,6840.0
14379,32,631,8734.5
8493,53,866,9757.5
7967,60,354,11516.0
8761,35,366,295044.0
6104,69,974,178302.0
16073,38,254,16337.0
12303,54,615,3167.0
8607,53,486,7097.0
19370,63,628,91458.0
11871,30,299,11516.0
782,47,748,207680.0
14248,30,538,13091.0
17,38,536,11692.0
1358,33,743,13095.0
2858,37,643,14048.0
6727,66,537,11516.0
18860,40,525,216966.0
9841,27,638,4624.0
18116,67,245,16302.5
849,37,536,16337.0
9622,62,296,7233.0
13661,37,866,16302.5
8308,62,958,11034.0
5053,69,743,18963.0
732,34,372,13597.0
17792,32,486,16337.0
3602,37,245,14661.0
16785,64,258,15758.0
7752,53,258,10230.0
12761,69,969,8879.0
12475,51,506,168742.0
3924,60,525,91458.0
16200,56,243,12600.0
14987,30,254,224734.5
3923,66,446,12402.0
5468,34,296,7902.5
10497,47,588,12349.5
4901,28,259,22131.0
1410,36,887,14009.5
1957,36,647,15423.0
1159,66,503,16302.5
12822,33,516,14559.0
15586,38,859,291005.0
15582,28,882,11516.0
15571,33,693,16302.5
19171,30,748,11516.0
13211,37,805,16801.0
943,33,683,18106.5
16015,37,620,11516.0
7404,44,764,18386.0
4797,37,969,14009.5
9505,33,536,10203.0
9471,64,866,12442.0
6251,56,123,293272.0
10677,69,268,11034.0
4287,37,883,15152.0
5682,47,248,6896.0
9687,38,866,8385.0
18261,42,466,12349.5
16860,60,445,12402.0
9249,56,945,16337.0
18523,30,867,15357.0
7325,40,243,39438.0
6549,66,614,14863.5
19906,37,887,17246.0
7586,37,233,137148.0
11119,46,330,12349.5
7018,28,395,13357.0
16966,62,748,11201.0
13920,66,748,15336.5
8420,29,945,15152.0
9751,27,537,15002.0
13013,47,523,12349.5
17787,35,595,11516.0
9699,55,921,14359.5
18519,66,945,8701.5
10369,60,424,2757.5
19200,33,958,11516.0
17917,35,254,11516.0
7400,35,866,10286.5
17488,58,805,11516.0
7069,38,958,13597.0
2343,27,866,155285.0
159,31,258,11516.0
568,33,574,11728.0
14913,30,247,16302.5
374,31,249,13263.0
15207,36,638,331117.0
18535,67,394,13564.0
19593,28,465,11046.0
1701,69,536,10555.0
14703,56,958,15353.0
1083,33,503,11046.0
11522,47,927,331696.0
14250,32,771,14661.0
9786,30,814,14107.5
18598,37,737,12402.0
19194,62,867,13217.0
17798,46,855,14359.5
7941,32,324,75184.5
12639,31,258,13297.0
16805,50,536,12349.5
3225,32,805,16302.5
10870,47,245,310114.0
5562,32,924,15152.0
15204,55,296,18811.0
15020,66,511,5366.0
1970,42,974,14359.5
4349,66,638,12090.0
13870,35,683,4530.0
15455,60,886,11201.0
11727,46,269,12349.5
18604,27,538,11516.0
7373,32,269,10555.0
9764,29,330,11516.0
7747,39,424,6088.0
6520,69,614,8781.0
7697,40,686,13655.5
15573,60,924,14107.5
19192,69,944,18940.0
17984,34,247,17396.0
14285,33,535,299005.0
2908,30,466,11516.0
12662,29,737,11516.0
2671,42,385,12349.5
8526,35,315,16302.5
2787,42,966,14359.5
10472,32,424,11516.0
4850,47,700,3905.0
19399,28,523,11550.5
5285,62,805,11692.0
5430,30,525,12090.0
9400,42,535,2806.0
19679,28,385,19524.0
5606,35,536,14107.5
18671,47,628,14359.5
18548,42,860,14359.5
9459,32,863,3867.0
18640,69,805,8031.0
3831,64,922,11516.0
6063,29,394,16337.0
8663,53,539,12402.0
19612,60,887,15357.0
12208,37,445,12871.0
11421,33,737,10934.5
18659,37,615,127893.0
12027,30,614,11516.0
8460,29,330,15171.0
1549,39,256,16337.0
14354,28,523,11516.0
18127,37,883,16048.0
18582,63,464,4416.0
15964,56,708,16302.5
16184,30,325,11516.0
15115,58,249,16337.0
11431,62,818,287695.0
14205,51,771,15256.0
17888,32,864,13728.5
13780,47,643,13212.5
8196,42,966,4651.5
11174,58,424,14369.0
8470,28,265,13597.0
19975,42,911,14359.5
9365,30,684,11516.0
3421,60,554,9654.0
8140,38,883,40265.0
18211,27,324,12609.5
10017,42,957,10666.0
15132,53,516,12349.5
6901,42,385,12349.5
5691,44,270,12349.5
5573,42,536,12349.5
12152,60,623,5683.0
18994,66,538,11516.0
14584,35,594,11516.0
14369,69,123,9170.0
10555,30,683,8481.0
14575,69,538,212169.0
19227,44,508,12021.0
746,55,539,8073.0
3022,34,748,10576.0
12628,28,507,8734.5
9754,49,299,16118.0
8368,32,374,13357.0
2453,32,684,14107.5
5232,42,454,17980.0
19645,50,958,19269.0
6028,38,346,4624.0
17532,27,805,4105.0
6678,42,508,12349.5
19505,62,748,19996.0
14775,61,446,16337.0
18952,32,924,16337.0
13700,53,647,3167.0
1453,29,799,16326.5
6235,33,314,12402.0
19984,33,863,8706.0
17924,30,928,16302.5
4628,33,867,88224.0
945,38,683,11516.0
14157,55,805,14359.5
13618,55,330,12349.5
16658,35,346,15152.0
12449,28,523,6778.0
13783,31,259,10450.0
16845,28,809,16337.0
2862,53,710,102208.0
3350,30,537,10991.0
17429,62,945,39851.0
1895,33,325,16326.5
11101,33,249,13217.0
1133,69,698,15152.0
13489,66,372,12609.5
15786,35,370,13872.5
3985,42,249,14309.5
11998,60,737,15152.0
10739,44,805,13212.5
4702,47,700,10518.5
7499,47,723,14359.5
8550,69,974,16202.0
4776,29,464,8780.0
13317,30,488,10025.0
2184,66,626,12489.0
807,47,574,12349.5
11525,30,258,14661.0
10986,67,503,208501.0
2434,33,445,11201.0
3108,29,755,3079.0
18217,46,575,12349.5
7760,35,723,11692.0
10905,44,867,12402.0
5890,62,911,11168.0
19332,60,683,6840.0
5426,33,538,15152.0
17785,69,374,13719.0
19246,36,628,8739.0
13271,67,758,9917.0
17803,33,945,12416.0
17126,30,710,13217.0
8698,30,867,7830.5
5996,53,503,6806.0
11892,30,523,296608.0
15263,38,708,16337.0
5210,46,700,293638.0
19208,33,574,12609.5
5599,35,653,14661.0
13512,60,805,17751.0
19511,53,958,14359.5
16281,35,507,341390.0
2142,66,743,11516.0
11034,31,750,4868.5
19121,66,394,9654.0
7803,33,968,14009.5
2236,60,969,14009.5
8589,44,372,15895.5
14052,42,503,56698.5
1123,66,614,82565.0
15355,66,958,299005.0
252,63,267,11046.0
8193,47,647,2709.0
15147,62,723,13944.0
13263,30,858,11516.0
8385,33,248,15152.0
13425,62,575,11516.0
12939,66,802,11201.0
31,31,809,14661.0
14664,30,249,11516.0
11006,66,466,16302.5
2135,64,315,16337.0
7946,35,860,11046.0
19020,31,945,11201.0
977,53,394,12021.0
1281,38,685,11516.0
13110,53,867,3982.0
644,58,566,11516.0
17424,34,656,18397.0
16563,35,588,16265.0
17516,33,536,10937.0
11881,61,233,6688.0
13520,25,466,35092.0
15120,55,535,14165.0
5828,34,653,8604.0
8383,33,265,15152.0
12324,47,743,15810.0
11737,61,566,17838.0
3534,33,858,16337.0
16464,69,299,16357.0
19863,30,588,10286.5
3396,27,802,12825.0
1950,35,265,3176.0
18910,29,259,15918.0
15347,44,863,13860.0
13653,30,974,16302.5
19422,60,908,10203.0
3042,42,249,12349.5
574,42,743,5134.0
1237,47,686,10731.0
9161,60,867,15336.5
11362,32,855,14009.5
174,58,503,31354.5
2361,27,858,75184.5
16088,40,867,14019.5
15758,60,247,12609.5
2754,53,974,14359.5
622,47,927,14359.5
19967,55,366,14937.0
14744,29,595,15152.0
18723,47,626,18386.0
17460,37,937,13597.0
7708,47,374,15711.0
10158,46,958,14359.5
7759,69,748,11516.0
11960,38,488,220687.0
17596,63,766,111787.5
17875,28,606,16337.0
3193,33,516,35092.0
1239,47,249,6806.0
1873,56,911,24110.0
3300,32,623,10934.5
2980,35,536,12609.5
2239,35,593,11516.0
17467,67,447,13371.0
4016,63,424,9997.0
18399,69,904,17221.0
4460,32,698,140356.0
9114,58,249,10203.0
5470,35,245,12609.5
14819,33,249,19291.5
4826,34,268,16337.0
2021,55,818,14359.5
13241,69,860,2403.0
13564,34,866,137148.0
13724,30,254,405850.0
13787,35,748,15152.0
16463,42,511,15895.5
13281,31,683,85020.0
5955,27,966,11516.0
11606,30,914,12402.0
10521,42,247,12349.5
18356,47,771,56698.5
62,37,330,16337.0
5556,53,883,14359.5
5060,31,537,5123.5
15148,42,394,14165.0
10749,27,511,1397.5
8760,42,743,172301.0
16457,47,937,15895.5
17332,53,299,17520.0
7314,30,424,11516.0
2484,58,355,89864.5
9190,50,693,14359.5
8913,62,743,15424.0
2123,35,799,8010.0
17169,66,966,2757.5
1069,30,588,8305.0
19507,60,656,28824.0
2517,53,525,17148.5
11135,69,537,4538.0
77,38,248,5208.5
19243,30,270,10476.0
288,37,511,15152.0
138,58,485,16302.5
12597,35,394,11516.0
4387,55,766,18386.0
15690,32,686,11516.0
11761,38,708,15152.0
19177,44,516,12349.5
17493,29,386,12609.5
17195,47,746,16932.0
8002,53,374,12349.5
12954,46,860,14359.5
7883,35,249,22541.0
17414,37,314,11516.0
11630,39,969,15353.0
11057,64,454,14863.5
14179,62,485,14489.0
4225,47,750,4634.0
17043,35,525,4868.5
16974,66,623,15353.0
7860,38,536,11516.0
1205,55,762,14359.5
662,66,801,16340.0
10373,66,300,16253.0
6365,33,638,16337.0
11052,33,855,2850.0
3485,32,883,12609.5
19396,34,369,19291.5
8748,47,249,17149.5
2376,30,809,7902.5
2160,47,324,14309.5
12708,47,485,12349.5
7220,66,575,327545.0
15971,42,928,14359.5
17689,35,314,16337.0
11243,33,247,3950.0
19490,32,354,15152.0
6408,69,863,13686.0
8404,40,614,15941.0
1013,49,249,10230.0
9524,47,922,14359.5
12217,37,249,16048.0
15978,32,945,17246.0
9872,33,445,16048.0
599,27,537,14661.0
19178,32,324,12402.0
7312,30,801,11516.0
1607,39,766,9256.0
6847,46,233,12349.5
10507,37,640,18872.5
16151,42,428,102208.0
6162,62,653,9393.0
11432,44,867,17085.5
10315,47,355,310114.0
15575,69,887,3457.0
2349,29,653,16337.0
1739,60,809,10762.0
8270,47,351,12349.5
8222,35,685,13597.0
1186,53,505,9083.0
8315,40,445,176052.0
16816,69,883,6107.0
6865,61,465,17785.0
7422,34,867,288061.0
13715,32,799,16905.0
13242,47,505,9757.5
7813,33,700,13597.0
16683,60,866,207792.0
8378,29,394,15941.0
7830,62,503,11201.0
6022,34,464,124299.0
715,42,355,12349.5
6240,55,485,12349.5
18022,27,233,16302.5
17426,53,887,13164.0
8442,33,805,10203.0
1516,37,809,11516.0
8055,42,615,14359.5
13157,62,633,15568.5
13500,56,867,12609.5
8825,36,446,15152.0
14190,69,354,82565.0
14875,44,366,16174.0
15297,69,614,19607.0
17006,33,503,11516.0
17499,29,464,1900.0
15495,25,802,18365.0
56,40,966,15152.0
10951,69,743,170914.0
17807,35,708,11516.0
12327,33,296,11516.0
13227,60,486,9654.0
10921,51,683,16430.0
19898,40,683,11516.0
16164,50,628,9567.0
373,32,966,16337.0
9027,34,698,11516.0
834,66,485,11516.0
19278,58,809,11516.0
7936,40,723,212855.0
3026,40,428,16302.5
14112,31,683,11516.0
6450,37,615,12090.0
7767,50,370,15895.5
16168,29,656,14107.5
1440,35,814,11516.0
1282,31,394,17396.0
10033,53,683,14359.5
8819,42,863,16932.0
5963,42,259,14165.0
798,33,771,16302.5
4718,35,269,12609.5
14497,69,554,15205.0
9652,25,748,96589.0
9132,30,353,141176.0
4255,42,801,14274.0
16323,46,911,176836.0
19556,28,748,32716.0
566,28,924,14019.5
15807,30,921,11046.0
14560,66,454,12609.5
12970,33,805,11516.0
13554,33,799,13963.0
9864,38,809,16337.0
3399,33,700,9115.5
17702,27,748,8706.0
7496,66,366,10681.0
2443,67,503,14369.0
14969,55,269,12349.5
18618,33,836,16771.5
6392,30,508,16337.0
2305,25,249,11516.0
3406,32,445,11516.0
16307,47,537,183647.0
14333,38,743,9146.0
15242,46,354,12349.5
5705,32,299,13655.5
8952,38,623,17221.0
18290,53,723,4634.0
14933,34,882,12609.5
3499,31,538,11516.0
9916,42,614,14359.5
9384,37,799,17507.5
7470,69,486,2472.0
4086,47,710,14359.5
16768,42,511,5306.0
13772,35,755,15353.0
16297,30,248,120790.0
9069,62,911,15941.0
6970,55,743,1340.0
6437,62,801,82565.0
13631,53,628,11683.0
19695,29,801,15152.0
16906,37,683,12609.5
18495,53,922,14359.5
7785,35,710,16337.0
13385,30,464,4631.0
18511,47,686,14359.5
10036,37,928,6900.0
962,53,723,17583.0
15428,28,956,17997.0
19723,53,249,4330.5
19344,33,771,14107.5
11756,32,626,19200.5
7640,34,385,13217.0
19339,32,538,16905.0
17619,62,268,11516.0
12273,56,523,8031.0
11908,34,588,11601.0
19383,38,366,11201.0
8367,37,653,14009.5
4259,42,683,2709.0
13719,50,864,15895.5
13517,47,638,12265.0
15578,31,503,11516.0
13086,27,863,4725.5
5722,49,351,14274.0
980,47,269,17051.0
15870,28,863,15336.5
13179,35,860,14019.5
11210,33,638,11516.0
7801,46,618,13212.5
176,49,448,14937.0
9106,69,233,13484.5
2383,37,233,11046.0
10401,46,867,17583.0
8565,47,914,14359.5
473,27,245,11516.0
19872,67,805,18829.0
3742,29,245,11809.0
17223,33,743,12609.5
3075,37,858,141176.0
4190,63,355,208501.0
6039,37,966,15171.0
6158,33,743,15971.0
12371,44,370,14309.5
661,35,628,5208.5
2311,35,448,3956.0
12850,42,911,14359.5
14700,66,700,15036.5
4116,67,519,39794.5
12524,27,743,12609.5
1844,30,867,3795.0
12975,67,507,14580.0
9838,35,446,107554.0
7846,63,710,13263.0
2137,56,867,18411.0
6688,44,748,14359.5
14620,29,485,16302.5
1858,53,539,102208.0
17384,42,536,17051.0
7080,46,737,7285.0
12052,42,743,102208.0
2297,33,488,11201.0
6302,44,698,14359.5
3245,28,299,15152.0
13135,31,446,15152.0
17044,62,369,16302.5
19997,31,805,13860.0
16565,66,623,2757.5
11409,27,523,11516.0
2931,58,867,15941.0
6329,69,355,2151.0
18001,33,863,12609.5
7540,55,300,17981.0
15125,32,748,405850.0
12231,55,583,2473.5
18930,32,523,12609.5
16341,33,233,214889.0
3638,33,505,5208.5
9361,44,454,12349.5
1600,30,536,13357.0
13613,67,270,11516.0
5575,47,858,14359.5
18036,38,300,15941.0
8206,32,631,11516.0
13053,40,315,13263.0
13260,34,363,9790.0
19512,37,536,7830.5
256,63,259,11034.0
18672,49,911,10731.0
14985,33,355,15941.0
17584,53,858,10967.0
17399,42,249,14309.5
5103,33,653,16801.0
17305,30,355,6840.0
6489,53,887,14359.5
376,33,653,1585.0
16396,33,506,16048.0
1560,32,914,13597.0
13475,40,966,19631.0
6072,29,468,12609.5
11799,36,974,17850.0
886,55,506,2473.5
704,35,454,11516.0
196,32,331,11516.0
10931,27,523,13263.0
19098,56,486,16302.5
16558,56,656,9566.0
637,39,314,13597.0
10317,29,486,11516.0
15869,35,743,10555.0
3759,49,516,5979.5
13988,66,737,9114.5
11051,66,802,18963.0
10827,66,395,5366.0
7888,34,330,7830.5
19681,30,748,15353.0
686,69,700,293850.0
13850,40,867,13297.0
5012,39,394,9566.0
3052,47,683,12265.0
7267,32,269,11516.0
13450,44,945,172301.0
8976,36,958,16302.5
2292,37,974,6691.5
10216,51,123,10303.0
16553,39,887,11046.0
12182,37,372,11483.0
16615,46,314,5751.0
10598,34,863,15152.0
1347,35,249,13597.0
3681,42,485,10303.0
16244,33,446,15171.0
14061,37,594,20182.0
13542,30,922,12779.0
961,27,486,13597.0
17328,33,911,13597.0
14012,33,801,15357.0
210,34,766,7270.0
4244,50,863,166337.0
17805,47,538,12349.5
6409,53,812,14359.5
14348,33,254,11516.0
10689,69,505,7649.0
1061,44,503,39001.0
9905,69,867,397493.0
14647,27,656,16265.0
11664,64,355,9262.0
586,37,812,15152.0
8377,69,270,3950.0
19245,62,771,11516.0
14308,29,945,15152.0
3573,67,464,16426.0
3657,33,511,7830.5
18428,27,385,14688.0
7440,46,928,17694.0
16503,46,802,9757.5
15060,56,534,15518.0
11798,60,801,10555.0
7336,63,448,2191.0
7542,38,486,11046.0
185,35,355,11046.0
18502,53,683,141837.0
9793,60,958,130569.0
7181,28,466,16302.5
4163,40,446,4461.5
15252,31,574,11516.0
15110,32,766,15152.0
14392,30,485,6647.5
12330,35,685,14107.5
19366,32,299,72965.0
3616,34,355,7902.5
19430,66,258,9170.0
14831,27,331,11692.0
670,47,538,14309.5
17509,32,748,16771.5
6002,58,647,1245.0
18137,62,801,16302.5
12047,34,683,8724.0
10100,50,867,5672.0
6374,53,485,1340.0
2990,69,330,16302.5
3186,34,254,12090.0
8179,38,385,11516.0
16262,53,249,17051.0
16905,46,614,168742.0
12000,66,454,18872.5
1832,47,836,14359.5
6883,33,614,15152.0
12563,38,855,13091.0
10452,69,538,17574.0
3646,37,511,141176.0
8563,44,538,12349.5
6069,55,658,10303.0
14911,50,638,14359.5
12349,37,536,11516.0
2551,40,595,13263.0
15757,30,355,11201.0
7012,33,698,11283.0
7179,37,818,11516.0
11231,62,488,9371.0
3810,29,355,2151.0
7957,69,683,8156.0
19815,33,923,12402.0
4434,30,723,13706.0
6309,39,269,340816.0
17543,35,244,16048.0
19350,33,743,14661.0
12876,35,866,5268.5
19029,42,736,14359.5
10609,60,713,12609.5
3800,40,653,12609.5
8237,53,507,5306.0
6843,35,538,118452.0
7176,28,867,10598.0
16433,37,710,11516.0
1294,62,270,14369.0
5197,47,867,14359.5
12235,29,693,11516.0
1547,66,385,1900.0
16377,62,628,208501.0
12282,30,370,182345.0
2615,47,922,4283.0
18815,30,908,11516.0
395,66,805,15152.0
17231,34,566,8604.0
10566,35,363,75184.5
4252,47,620,14359.5
12531,69,254,15234.0
10981,42,488,12349.5
7057,37,249,8305.0
9039,47,394,7139.0
8652,28,314,13263.0
6447,56,801,12434.0
10664,33,385,11046.0
3095,62,269,215530.0
19859,62,394,16302.5
10355,62,882,3815.0
12973,44,424,12349.5
748,33,801,6600.5
17344,40,394,19315.0
2978,69,927,3061.0
14320,27,258,14661.0
6586,38,503,8604.0
2663,32,268,97012.0
11219,47,762,8372.0
18630,35,614,7494.0
14298,62,658,6650.0
14516,40,796,11516.0
6297,56,700,15353.0
13207,44,233,14309.5
11855,28,809,16337.0
7623,34,683,14661.0
4329,62,245,10555.0
14919,33,254,11701.5
16046,38,725,14048.0
19980,32,698,7081.0
3766,40,924,11516.0
9748,36,355,12416.0
998,66,863,16302.5
15171,69,653,16337.0
9803,55,488,12349.5
5884,58,595,11516.0
4354,33,623,16771.5
10926,62,535,11516.0
9845,33,656,108528.0
15376,49,249,11536.0
12336,60,464,11516.0
7642,53,684,14359.5
10649,33,823,1675.5
4137,33,270,6778.0
8584,33,805,327899.0
111,40,805,14661.0
7399,58,274,13263.0
4133,53,693,16174.0
2989,27,799,12609.5
17643,33,299,19524.0
12760,55,330,12349.5
18917,53,485,12265.0
19784,62,867,11516.0
2063,33,582,16302.5
11256,33,249,11516.0
9758,33,269,15011.0
17967,66,516,5102.0
4543,30,683,15336.5
11115,27,710,12609.5
16483,28,123,11516.0
8753,34,249,11516.0
11388,67,656,24110.0
15833,30,507,13263.0
858,30,395,90968.0
17312,66,454,7570.0
12626,55,296,14309.5
12240,33,330,11046.0
1748,53,865,102208.0
4446,29,448,15357.0
9066,27,355,15424.0
7030,47,762,14359.5
6677,32,653,2850.0
13041,29,698,24110.0
18,35,653,10203.0
16280,40,860,11516.0
18178,53,643,15895.5
15278,30,974,11516.0
9198,40,866,4624.0
5200,51,805,9757.5
13896,39,911,3795.0
16471,32,516,2151.0
1349,53,424,14309.5
955,53,354,12349.5
1555,33,314,12609.5
11470,25,750,14019.5
5637,46,424,12402.0
6527,33,882,11046.0
5923,66,516,15835.0
16978,38,464,11201.0
1565,35,539,4173.0
1687,35,523,8305.0
5118,27,523,16302.5
12979,47,762,10303.0
13939,51,594,7750.0
6293,30,801,11201.0
5168,66,863,4636.0
17046,30,355,10555.0
3383,53,700,13212.5
19743,33,395,3583.0
11244,53,969,15256.0
4920,56,874,15152.0
11624,30,267,15152.0
19070,42,516,14309.5
4467,53,270,14309.5
18006,63,558,16010.0
9721,27,261,303271.0
12427,44,464,12349.5
3239,66,536,19528.0
6779,61,445,11516.0
9665,33,558,18397.0
2266,37,254,49571.0
16173,69,468,5102.0
14359,50,748,11172.0
10899,50,710,7827.0
4771,37,923,17367.0
9450,33,812,3498.0
18354,33,866,9649.0
18734,46,725,6281.0
10641,30,454,146206.5
7806,28,710,6600.5
19522,58,451,208510.0
12738,53,537,10513.0
12167,28,796,11201.0
14090,35,296,11516.0
10679,40,945,6699.0
19870,27,331,11516.0
13686,47,796,14359.5
3986,64,249,331117.0
9159,58,801,16337.0
15510,28,448,18872.5
16406,55,598,172301.0
17322,36,606,8701.5
1122,33,537,5393.0
12068,28,764,11516.0
3832,53,454,15895.5
3728,56,945,11516.0
9466,53,743,14359.5
1326,33,454,90223.0
3122,29,685,16302.5
15650,33,330,11516.0
9768,38,883,10286.5
19913,60,243,16302.5
6012,28,614,16337.0
9596,32,536,19528.0
10366,42,354,18832.5
17835,35,316,13860.0
8269,25,372,11201.0
11108,58,958,13655.5
8930,37,966,12609.5
2094,37,802,11516.0
13293,32,863,11046.0
9398,32,653,15357.0
13967,27,708,9146.0
15174,53,814,56698.5
3084,30,863,11201.0
18636,62,245,14186.0
8638,46,508,2143.0
423,32,385,211510.0
12268,64,466,13297.0
11690,36,355,11516.0
5802,31,505,12609.5
14406,62,923,11728.0
18621,47,614,2709.0
15137,66,653,12609.5
4774,58,631,12593.0
18374,33,908,16302.5
17354,40,374,6127.0
17261,31,867,12609.5
7217,34,249,10555.0
1026,30,254,11516.0
15892,30,921,19631.0
13238,37,243,15152.0
55,53,643,9567.0
7478,28,743,16771.5
6530,32,351,11516.0
12867,36,355,6682.0
15960,53,921,14359.5
15232,58,631,15568.5
10772,25,805,14048.0
452,30,523,96174.5
17089,44,708,14359.5
8786,27,867,11516.0
1372,46,965,100349.0
13200,34,385,16337.0
887,40,305,16337.0
5623,63,395,14580.0
11474,47,558,3176.0
10358,58,488,17574.0
1811,47,945,133509.0
9976,47,254,12349.5
17268,51,974,15256.0
15738,33,511,11877.0
12325,53,748,30834.0
7405,29,858,11516.0
3488,66,640,11034.0
5870,28,911,7287.0
18430,42,538,1478.0
9025,31,855,10496.0
9924,40,247,2151.0
18336,69,249,17959.0
9817,47,618,14359.5
1403,38,882,13597.0
16465,47,324,12349.5
17682,49,245,12349.5
3799,66,534,14863.5
1252,69,558,38381.0
11923,33,799,137148.0
18364,37,485,12609.5
11268,69,554,5001.0
3977,42,867,17148.5
17271,40,748,9256.0
6136,39,623,12825.0
9113,28,863,15152.0
8933,32,315,11516.0
1458,35,300,11516.0
11061,38,324,111787.5
2730,38,325,19200.5
16773,36,394,17221.0
14867,53,614,10121.0
10637,32,656,17830.0
18845,37,968,1675.5
7894,55,911,5712.0
8363,55,750,2459.5
268,42,748,16932.0
17755,33,370,13860.0
12960,30,123,18106.5
19697,42,626,10303.0
4512,47,638,14359.5
11103,62,686,14048.0
13726,32,855,16337.0
3100,66,243,171814.0
2044,69,882,11034.0
0,35,914,8215.0
16264,67,805,22224.5
10757,34,485,11491.5
3913,69,606,16302.5
13387,30,516,11809.0
18408,38,299,16337.0
15010,32,355,11516.0
7930,25,737,15152.0
18892,69,268,3583.0
17808,29,488,35092.0
16110,60,386,12609.5
18327,29,537,16337.0
17763,32,937,15152.0
19013,36,647,8604.0
10638,42,927,13780.0
1009,35,536,15152.0
19083,34,858,15152.0
8832,66,737,16337.0
7920,32,269,16337.0
260,47,658,14359.5
19272,37,464,19561.0
17990,47,713,13780.0
14737,32,451,216072.0
10789,29,914,27042.0
3481,53,866,15256.0
17003,35,937,15353.0
16646,28,736,16302.5
17385,27,270,13597.0
14780,37,644,11516.0
15254,32,370,8706.0
10646,40,537,1071.0
14159,33,866,16337.0
12116,61,818,14107.5
8769,47,928,14359.5
10423,42,424,14309.5
654,34,737,13728.5
9789,28,454,293039.0
11148,62,809,12402.0
18038,33,485,12609.5
8471,37,883,14009.5
7461,55,860,10902.5
3567,27,737,11483.0
6622,51,809,7718.5
16045,33,882,15152.0
3217,35,698,88224.0
13136,64,370,16337.0
13950,55,966,10303.0
156,62,633,131896.0
18714,47,723,14359.5
1919,34,574,97464.5
8275,42,249,12349.5
3860,37,809,17396.0
17075,66,683,4466.0
10083,35,908,341390.0
13049,66,454,35092.0
1000,32,683,6478.0
11531,64,588,17638.5
3460,34,958,18839.0
3240,47,249,12349.5
2371,69,966,7233.0
19021,42,465,12349.5
106,47,614,141837.0
8182,60,623,16302.5
11419,53,593,12349.5
3009,28,771,16302.5
7897,33,723,13263.0
18720,28,626,10496.0
16916,60,538,16302.5
1972,30,516,15571.0
16397,60,594,10555.0
127,30,969,14019.5
581,47,766,3167.0
4963,27,454,15002.0
1633,34,683,14661.0
11214,33,863,13263.0
5622,40,683,10934.5
7550,30,614,17732.0
9320,33,324,16771.5
1952,30,324,14009.5
13078,63,805,96717.0
4624,53,771,14359.5
15143,34,771,39794.5
4557,66,485,9114.5
18256,27,233,4865.0
2831,27,511,11483.0
233,62,818,5916.0
8310,27,858,13597.0
19950,33,743,8604.0
17557,42,505,6757.0
7810,28,445,10450.0
18687,27,686,11516.0
15183,33,299,13597.0
5811,37,653,18985.5
19799,34,748,11516.0
12704,27,799,18365.0
6635,44,508,12349.5
771,53,799,97671.0
11503,53,858,17583.0
14255,64,708,7570.0
4279,31,867,4137.0
19769,37,974,16302.5
9970,66,866,12402.0
12903,37,330,5488.0
14260,25,921,13297.0
9458,36,658,20116.0
13665,66,958,72965.0
6716,44,713,14359.5
5960,66,249,10991.0
8788,47,685,14359.5
15348,33,535,15152.0
15502,44,887,14359.5
1927,42,683,12402.0
17159,66,743,17035.0
8490,69,324,6107.0
10443,25,867,16048.0
7230,44,539,12349.5
3310,63,464,15724.0
1231,46,258,12349.5
6939,63,809,15758.0
6851,67,743,7570.0
5492,64,363,6107.0
8027,38,956,16337.0
4207,60,256,216966.0
904,66,408,10286.5
17502,32,710,19900.0
4815,37,750,4624.0
5174,69,485,2757.5
9955,34,658,216996.0
9633,47,247,12349.5
17957,30,638,27005.0
7855,58,538,12020.0
13259,39,883,11516.0
7582,64,537,8604.0
19033,40,243,2151.0
9933,33,700,16302.5
11305,30,394,15152.0
5634,42,867,9757.5
7885,28,511,15152.0
16746,53,748,14359.5
18805,56,249,11327.0
7149,64,966,479.0
12075,31,448,11046.0
2751,62,269,11516.0
11442,47,536,12349.5
331,69,355,17035.0
7038,36,863,7409.0
11789,69,330,9654.0
9100,49,713,176836.0
4019,53,743,14359.5
1147,30,588,2639.5
19466,40,623,16337.0
14628,66,505,16337.0
4479,27,638,13095.0
17200,62,588,16048.0
2270,28,863,75184.5
13643,62,314,18495.0
7294,47,366,14309.5
9416,30,863,12609.5
2476,30,305,14019.5
14507,33,606,13263.0
11254,44,269,12349.5
16685,28,883,7563.0
14170,44,258,18832.5
6280,50,805,14359.5
13753,27,614,9114.5
19501,69,639,10992.0
5864,49,737,14359.5
9535,42,371,12349.5
278,33,866,16302.5
4306,32,464,137148.0
11427,30,866,15336.5
6153,33,713,13263.0
15273,33,537,14107.5
8567,38,299,14661.0
2046,66,796,175386.0
10785,29,539,16771.5
6118,31,123,13357.0
18857,32,713,11516.0
1827,44,771,15895.5
10314,55,647,6901.0
3947,47,330,13290.5
15621,38,858,19631.0
12076,53,243,18832.5
2470,28,536,9649.0
8384,28,653,11516.0
5877,37,503,8543.0
4651,29,958,16450.0
11750,53,269,16174.0
10441,33,708,14107.5
1730,39,519,8481.0
16003,54,647,10303.0
14395,56,243,16897.0
763,35,653,133843.0
692,66,445,305191.0
114,69,629,11988.0
933,66,259,20764.0
5443,66,505,3457.0
8738,32,593,11516.0
1768,67,710,13297.0
19562,39,370,16337.0
6620,30,771,212855.0
4555,42,447,16932.0
3861,47,860,26262.0
12824,46,536,14309.5
6221,38,354,119707.0
14668,60,261,12593.0
12601,66,244,10643.0
1550,60,385,11516.0
18304,36,836,11692.0
1178,46,866,126604.0
19429,38,243,19291.5
4430,27,606,15336.5
17286,29,505,7818.0
5332,35,247,12609.5
12916,46,882,10303.0
14899,35,937,12794.0
17919,31,628,2850.0
4015,55,802,10902.5
900,28,355,11146.0
380,30,743,22224.5
15793,66,628,7902.5
365,35,626,16048.0
7789,28,685,9114.5
18725,42,233,5979.5
91,36,351,12609.5
12265,62,355,7570.0
16447,29,314,7830.5
6483,33,354,90968.0
17359,37,766,11516.0
12362,30,537,14661.0
3120,66,863,215530.0
8402,60,723,164026.0
19052,34,974,18872.5
526,53,270,14274.0
9228,35,254,14310.0
8450,33,488,13333.0
19213,67,249,6778.0
13007,30,683,16048.0
6947,32,424,16337.0
6606,55,743,166337.0
11026,28,969,97012.0
17960,36,258,11516.0
4755,40,693,11020.0
18989,53,883,20058.0
14748,37,525,132249.0
15630,28,748,14009.5
14796,38,464,12609.5
10630,47,928,16174.0
2712,60,748,7842.0
3457,64,249,13597.0
17293,40,748,13263.0
17239,47,331,12349.5
14213,55,385,12349.5
19686,50,614,3167.0
19432,61,653,9250.0
11382,67,867,13903.0
15720,33,244,16302.5
14249,66,911,6364.5
1762,27,366,4283.0
9022,28,523,8734.5
19077,42,683,18638.0
247,67,270,164413.0
14053,49,653,14359.5
8065,27,631,295044.0
2883,29,354,11516.0
14415,56,385,9654.0
11813,62,445,7517.0
8774,44,519,14309.5
3215,27,762,12609.5
9013,66,863,9250.0
2153,33,684,11139.5
17259,33,867,6600.5
1065,37,653,9256.0
9961,42,428,9757.5
1012,53,748,14359.5
16368,33,505,11201.0
6313,29,658,4865.0
13973,33,867,13597.0
18118,33,330,14107.5
10015,30,330,6682.0
12529,32,243,2368.5
8557,47,743,97671.0
9618,58,805,13547.0
1377,46,394,12349.5
15848,47,867,14359.5
14886,47,446,10637.5
4879,50,523,155732.5
18074,60,445,16337.0
2604,32,658,18839.0
4956,27,485,16302.5
277,36,296,11516.0
6103,58,623,15971.0
5481,47,748,181602.0
13248,66,723,17838.0
7490,69,638,12636.0
7863,32,836,13903.0
9624,31,511,286328.0
676,55,887,5134.0
573,38,958,8543.0
13432,42,921,13995.0
7190,37,887,15353.0
7479,61,743,17221.0
2536,29,248,16302.5
11674,53,385,12349.5
12943,46,647,14274.0
2688,49,454,168742.0
4371,30,855,12609.5
5136,44,748,331696.0
15176,33,574,10039.0
5063,27,723,5102.0
11398,58,884,15353.0
14853,35,809,14048.0
15910,34,809,15152.0
13032,28,809,14661.0
18405,53,805,8215.0
17770,66,656,96589.0
4725,27,371,13860.0
11439,32,818,12609.5
19785,30,802,13263.0
1428,35,683,3795.0
11692,42,123,12349.5
14134,64,588,12402.0
3689,34,366,2639.5
9849,53,708,14560.0
13113,56,723,4452.0
5308,27,743,12871.0
6027,32,945,8631.0
2261,33,626,11516.0
18168,47,713,9567.0
13092,33,503,12609.5
12352,31,867,11516.0
3179,37,656,11201.0
15229,37,683,15152.0
18932,55,653,9757.5
6917,32,737,10388.0
13336,29,519,11516.0
5359,44,928,18811.0
4896,66,448,9997.0
4841,35,325,14107.5
1915,34,354,16771.5
10654,28,883,11516.0
135,53,588,11474.0
2590,64,746,17676.5
2465,37,582,11516.0
22,27,268,5123.5
17176,28,512,5123.5
9881,62,683,91458.0
1610,28,809,16337.0
9525,38,883,15941.0
3710,42,863,10303.0
14723,28,750,15357.0
1631,44,858,16278.0
7263,32,613,12416.0
9637,36,799,15152.0
12706,33,254,14661.0
4538,30,424,19900.0
2582,32,855,11516.0
1503,37,766,12402.0
102,60,799,8031.0
3452,32,958,11516.0
19871,34,737,11516.0
11583,32,424,13655.5
10309,25,743,12609.5
5607,27,883,13655.5
2713,37,516,16337.0
10460,47,448,12349.5
9157,46,270,17520.0
4108,30,424,15152.0
932,29,737,11201.0
8099,37,683,14107.5
4664,62,927,11516.0
11976,33,700,65880.0
646,33,448,13263.0
347,69,743,4825.0
17072,69,249,10681.0
896,42,858,14359.5
8394,33,593,18485.0
5077,27,516,11201.0
14339,34,505,12609.5
16007,28,723,16302.5
7189,46,269,16174.0
5041,32,882,11516.0
17364,69,863,4569.0
5550,34,748,164533.5
9446,53,631,14359.5
2140,53,385,10510.0
1777,67,750,11948.5
14878,29,233,11516.0
6516,69,737,5102.0
7974,40,710,12062.0
11403,53,683,12402.0
11167,69,394,208501.0
5975,30,683,11283.0
15557,53,855,6216.0
2965,63,805,8879.0
8046,38,653,13263.0
9245,66,258,14661.0
7270,69,445,9170.0
967,46,606,260344.5
14023,53,123,290484.0
11241,42,454,5360.0
18144,30,914,16302.5
11246,66,537,18831.5
10584,30,927,10286.5
16212,66,866,16771.5
4935,66,466,12609.5
18545,47,883,14359.5
18977,63,805,28824.0
14408,30,516,15568.5
6661,53,243,14309.5
8299,33,307,11516.0
8821,47,866,14359.5
11406,42,505,102208.0
5920,28,503,11516.0
16205,33,799,13655.5
8030,37,658,16302.5
15674,36,269,16337.0
7579,42,123,27005.0
10124,40,743,17882.0
13721,60,485,13863.0
13796,44,243,12349.5
6472,53,394,6865.0
7201,51,867,2709.0
76,66,638,17434.5
14940,58,805,16337.0
17212,34,686,10203.0
9565,53,743,7750.0
6463,58,867,15357.0
12278,37,863,16302.5
8355,32,488,17662.0
13993,66,523,16337.0
14115,46,922,14359.5
19264,35,737,11725.0
11558,66,966,11168.0
18062,60,686,15758.0
8713,32,623,13263.0
2993,66,628,15918.0
15496,62,755,15758.0
5857,69,866,11168.0
13297,66,428,12090.0
10558,32,269,9566.0
14804,47,269,12349.5
13503,37,588,11516.0
15620,47,516,16174.0
18117,69,924,164533.5
108,37,644,11516.0
5708,47,523,3902.5
11105,40,606,27283.0
12457,32,258,16337.0
2081,37,424,16337.0
9068,27,523,332508.0
3155,63,658,6107.0
15188,32,233,13597.0
18782,50,464,14309.5
4442,53,525,12349.5
6510,27,523,15152.0
19978,66,369,16426.0
11077,34,503,39794.5
4840,35,836,16302.5
10319,32,766,16337.0
14678,38,658,16302.5
16291,32,233,9660.0
2867,33,855,8215.0
6558,55,448,14309.5
10270,33,506,9256.0
5805,33,887,16801.0
19234,54,818,7718.5
11587,28,503,15357.0
13958,49,535,12349.5
18210,42,710,14359.5
14463,62,574,16302.5
2241,66,640,11034.0
166,34,760,60994.0
8746,32,245,15152.0
6932,47,658,14359.5
13978,29,958,15357.0
5952,40,864,16337.0
12272,33,921,11516.0
15139,38,247,16302.5
15791,33,764,9693.0
17166,37,535,16337.0
17001,34,249,6856.0
2097,30,801,16337.0
14388,60,355,19200.5
8851,32,539,194140.5
12172,66,818,2192.0
17997,32,248,10203.0
4899,27,593,16337.0
11336,69,755,13603.5
9657,56,314,10991.0
14172,30,485,4865.0
19948,32,631,11466.0
7713,35,653,25766.0
8475,44,887,14359.5
12553,30,956,10286.5
5911,28,516,11516.0
4184,55,503,134909.0
17866,37,743,132249.0
3107,32,638,15152.0
13169,37,249,194140.5
1024,31,535,10937.0
12147,58,753,13297.0
10550,50,685,9757.5
15327,27,863,20116.0
3176,35,614,12609.5
11011,53,882,14359.5
14590,63,614,15152.0
16494,34,363,11046.0
7568,36,385,11516.0
1171,47,537,14309.5
7023,53,574,15895.5
4806,33,866,17638.5
7736,66,454,12609.5
6184,46,324,15756.5
12648,35,346,194140.5
18894,47,945,14359.5
19438,27,249,11692.0
866,47,351,10637.5
810,66,647,7570.0
11954,33,446,15357.0
19564,55,638,10303.0
1219,30,867,15152.0
5040,53,247,3905.0
10840,30,424,12609.5
15003,55,700,14359.5
5688,69,505,11516.0
15446,56,614,13944.0
12409,33,488,12402.0
16989,33,355,10476.0
9888,51,737,11472.0
11533,58,537,219131.0
12141,33,394,72965.0
4971,40,963,11516.0
5458,55,700,100349.0
7656,39,708,16337.0
5460,38,623,11516.0
18981,67,355,11201.0
11884,53,248,102208.0
14096,33,799,14009.5
1433,55,595,1478.0
10579,47,748,5550.0
18974,47,887,13780.0
18476,33,864,11516.0
15692,67,269,19528.0
12582,40,796,18495.0
14017,53,537,10980.5
2131,33,324,11516.0
18996,33,748,11516.0
16549,35,247,9114.5
13128,35,274,16337.0
29,28,249,16106.0
10528,66,249,6501.0
5542,55,805,14359.5
17380,29,508,16253.0
10718,44,385,19055.0
2594,27,325,13263.0
16545,34,485,13597.0
209,47,966,14359.5
11302,35,249,7281.0
17610,25,466,1397.5
17127,37,883,11516.0
9635,66,269,9115.5
4873,69,454,2757.5
14558,37,809,11725.0
14423,53,683,14359.5
1908,66,653,1484.0
7273,49,623,111940.5
14357,46,299,5134.0
67,33,394,11201.0
1157,27,394,12609.5
4724,36,743,11201.0
10387,30,374,14661.0
6088,30,858,14661.0
8292,60,974,75184.5
10056,69,355,18147.0
12813,62,558,4142.0
835,30,737,15918.0
4443,40,927,12609.5
15358,69,366,89864.5
8572,27,445,13263.0
13647,47,924,7139.0
15832,30,799,16337.0
16198,35,268,18106.5
3935,30,858,17830.0
18126,39,233,12402.0
7059,69,269,16253.0
2092,32,631,6088.0
5477,58,937,15336.5
16283,39,366,12609.5
6818,29,505,13597.0
19085,42,684,6865.0
2309,69,614,13603.5
10465,53,796,14359.5
2157,62,259,2783.0
17925,42,330,12349.5
7378,31,465,15152.0
12422,38,593,12609.5
11410,33,809,16337.0
16426,27,937,16302.5
4247,29,243,4868.5
3357,37,424,15152.0
14823,60,247,171814.0
468,53,331,12349.5
3983,36,801,10555.0
16359,35,836,2809.0
1436,40,921,10555.0
1010,66,683,11483.0
1455,28,628,20116.0
17737,33,969,942.0
16955,38,801,12609.5
9314,47,256,10303.0
2929,33,700,16337.0
6192,63,710,10598.0
17991,51,516,12349.5
1967,32,249,10203.0
4014,55,270,19667.0
12216,53,867,275165.0
12920,30,882,18485.0
17427,66,805,9543.0
2660,32,447,19900.0
13009,29,710,14107.5
3614,61,629,11605.0
5454,29,748,15353.0
7076,32,710,2783.0
12963,62,683,15152.0
6414,30,945,12199.0
15388,37,867,87173.0
10212,49,626,14359.5
1003,61,249,13217.0
3036,33,748,11728.0
5262,64,958,14009.5
12922,30,966,11516.0
4450,37,812,8543.0
19281,42,525,126479.0
18180,34,867,16337.0
10777,33,748,9788.0
8174,58,723,14481.0
5760,32,366,16048.0
969,60,244,12402.0
14407,28,505,11516.0
3656,28,658,11516.0
8279,66,723,11168.0
7538,35,966,13297.0
16097,37,628,16302.5
9559,27,485,16302.5
7034,42,766,5751.0
10043,33,700,293272.0
6862,28,958,12609.5
15760,46,708,100349.0
14650,33,710,124299.0
19977,60,863,15336.5
958,49,505,19083.0
8469,40,538,18301.0
1346,32,914,10286.5
9511,37,737,12609.5
5383,66,805,12609.5
679,31,958,8138.0
19574,34,653,18397.0
752,35,713,15634.0
1390,60,123,25766.0
5429,32,299,11516.0
18083,53,488,12349.5
2215,33,865,12609.5
3121,56,723,11516.0
6476,32,554,15152.0
682,46,748,133509.0
5743,37,737,11046.0
14417,35,516,10476.0
11947,42,583,14309.5
12804,29,805,16048.0
12812,32,267,12609.5
18335,27,516,2151.0
13685,50,818,15895.5
628,27,799,12609.5
19046,58,370,82565.0
2774,56,370,13379.0
14906,33,737,293272.0
8057,53,454,5360.0
12321,32,525,10991.0
10806,46,966,15895.5
19818,64,256,17676.5
11130,34,771,16302.5
17699,58,424,16302.5
7613,38,506,14310.0
16717,64,945,19607.0
17863,33,370,13564.0
6994,30,259,11516.0
14299,35,537,16337.0
16266,30,488,11516.0
6253,35,626,11046.0
10457,60,887,215530.0
17899,62,836,13719.0
12248,63,464,15205.0
10826,46,655,1560.0
6580,25,950,16337.0
11597,66,269,8269.0
19286,36,523,4283.0
3600,30,454,11516.0
9344,34,123,11516.0
4131,60,887,15152.0
2242,31,748,10555.0
2225,32,245,273707.0
7668,37,966,87173.0
1264,47,269,15895.5
14429,60,505,8543.0
13170,60,802,9511.0
4535,28,249,13655.5
2296,56,887,11516.0
10065,40,503,11516.0
10868,40,249,10555.0
1944,29,883,11516.0
1674,47,454,12349.5
19549,58,503,178302.0
16208,44,366,102208.0
5645,44,805,3176.0
5943,38,523,9115.5
13039,38,354,5408.5
1424,37,249,172751.0
11010,60,656,12402.0
588,47,956,14359.5
9824,29,966,14019.5
9999,42,355,16174.0
12158,55,588,14937.0
17761,34,887,16589.0
837,53,863,14359.5
4622,69,243,6364.5
10829,29,743,8543.0
17314,60,974,10496.0
10603,55,643,14359.5
2755,49,454,13414.0
8453,27,723,11516.0
6962,40,424,16771.5
119,32,488,5127.5
398,35,330,198645.5
3409,39,805,15941.0
17047,69,485,9393.0
19304,53,535,16174.0
7265,33,503,9693.0
18279,28,623,4161.0
10908,37,805,175386.0
4931,33,536,11516.0
14452,36,911,14048.0
19988,60,233,4142.0
5844,66,966,12402.0
4801,55,908,14359.5
8482,34,558,214889.0
5719,29,653,15152.0
8141,66,737,164026.0
18615,42,799,14359.5
1163,40,914,13655.5
2595,58,324,16302.5
147,33,485,11516.0
13268,27,505,7494.0
19634,46,805,17520.0
18303,47,258,102208.0
11435,69,243,15835.0
8088,46,331,17051.0
507,53,966,18832.5
13636,50,628,9567.0
1018,33,355,19291.5
2974,33,796,9543.0
7160,47,882,270582.5
12035,29,296,15357.0
7817,27,658,11516.0
6636,66,454,15758.0
10313,33,314,10025.0
16857,32,882,14107.5
14148,29,613,11516.0
19170,37,582,8631.0
3547,35,516,18605.0
5173,27,867,11725.0
3693,62,538,82565.0
2892,55,454,12349.5
13292,33,249,11516.0
13284,30,248,10025.0
3251,30,299,16337.0
1939,34,582,124299.0
6015,42,454,12402.0
7015,46,748,14359.5
9989,37,299,11046.0
19628,47,445,5816.0
11773,44,684,17358.0
10972,32,683,130367.0
18220,37,363,12609.5
17227,58,958,13882.5
13768,33,809,175386.0
18330,47,628,12265.0
8333,44,805,111940.5
6998,62,249,16337.0
16207,66,523,16337.0
4958,60,748,19200.5
18359,47,488,9757.5
2027,38,464,6067.0
5605,66,372,397493.0
1106,33,503,11516.0
11512,27,363,16337.0
2567,34,685,16337.0
15699,42,743,14359.5
3894,27,485,10203.0
12931,62,583,2840.0
18711,40,626,39794.5
8794,62,683,11516.0
15221,38,755,13091.0
2683,40,537,8631.0
8768,34,908,1471.5
16339,39,743,11516.0
13656,53,700,14359.5
4551,33,259,15152.0
1459,37,269,175857.0
2306,55,355,12349.5
1847,33,638,11516.0
6266,66,737,16302.5
18340,33,766,3950.0
7170,29,626,114417.0
7301,35,928,208510.0
10953,53,394,42882.0
12155,58,882,164026.0
16116,50,945,9083.0
17753,27,963,9643.0
6310,40,684,13297.0
5266,33,928,123436.0
246,37,658,11516.0
17845,42,801,3902.5
8438,44,710,1560.0
10999,42,488,12349.5
11640,66,516,19261.0
17376,40,594,16253.0
19945,60,385,14661.0
3314,38,865,10271.0
10758,42,683,17051.0
3769,58,638,5683.0
4041,33,346,1900.0
3434,60,505,212855.0
17626,44,796,1560.0
7505,33,799,7830.5
8792,64,723,11516.0
9886,33,243,11516.0
15281,66,374,6588.0
7725,47,454,18814.0
14635,33,723,11516.0
17489,53,372,74420.0
2697,53,594,9757.5
14856,47,566,4427.0
12917,62,269,2850.0
7960,37,771,11046.0
4944,27,743,3583.0
9542,58,945,142594.0
2951,34,743,10555.0
3606,62,647,7371.0
54,53,859,9250.0
8197,28,374,11516.0
18320,35,614,8385.0
3615,32,296,1585.0
3242,40,914,11516.0
3344,51,958,14359.5
4003,32,805,90087.0
16349,64,818,11168.0
18676,60,965,1765.5
18843,69,658,2192.0
5644,69,269,10203.0
4729,30,957,12402.0
986,62,867,120790.0
13677,53,445,12349.5
7651,42,858,14359.5
14056,64,324,2472.0
10193,32,755,10555.0
8164,29,249,16337.0
15590,33,394,14661.0
17777,32,805,11046.0
11885,47,805,14359.5
1882,61,454,11327.0
2314,38,863,11483.0
16637,33,710,11139.5
1955,34,385,12609.5
5981,55,866,13212.5
4782,28,245,13263.0
9932,42,385,12349.5
16431,27,762,12609.5
11415,27,516,7902.5
1658,60,363,15234.0
9125,47,771,9757.5
4637,55,638,14359.5
4845,35,248,16337.0
17627,37,503,9649.0
16315,30,945,14048.0
1665,46,243,146206.5
11631,32,863,16337.0
18628,46,516,10637.5
7786,34,927,14009.5
14830,30,259,14019.5
18500,53,394,1587.5
989,66,258,299005.0
12161,34,626,10496.0
823,66,743,13860.0
1341,33,626,16337.0
7489,32,314,10937.0
9353,60,864,12442.0
2763,49,653,4090.0
15872,31,386,13263.0
11331,47,631,14359.5
14433,42,723,16174.0
6534,66,254,11976.0
10392,33,683,9936.0
2548,40,653,16957.0
10288,34,700,15357.0
4043,42,867,14359.5
19926,29,647,11516.0
14277,31,372,19291.5
15664,30,394,14019.5
87,35,445,10450.0
1217,66,867,2809.0
1742,66,454,11046.0
1771,30,914,17434.5
8484,34,710,12609.5
14,33,508,14661.0
3216,30,123,9114.5
14337,56,573,18839.0
6539,35,366,4283.0
13611,66,922,16337.0
4576,64,374,15023.0
2132,30,503,15152.0
9797,34,505,131896.0
5545,42,574,111940.5
18361,47,249,5816.0
7307,38,818,89471.0
9105,46,588,14309.5
6734,37,394,13655.5
384,32,536,3950.0
17711,55,686,17694.0
5925,31,628,5488.0
8073,33,248,8604.0
13070,32,644,15152.0
310,51,355,14309.5
10051,37,631,18106.5
140,30,486,15357.0
4653,32,614,13597.0
13765,62,743,305191.0
16727,47,708,14359.5
1050,66,307,13597.0
17284,28,519,16337.0
18525,34,771,4283.0
4999,30,958,11201.0
6225,42,753,14359.5
19141,47,814,168742.0
2537,53,424,13585.5
14054,30,259,11535.0
1852,69,269,9654.0
8054,55,700,14359.5
6238,28,245,7830.5
18129,30,799,13297.0
14541,61,258,18147.0
3666,33,700,14107.5
10427,33,508,11201.0
1902,66,737,13297.0
12532,33,485,2575.0
2303,40,485,11516.0
1460,66,700,11478.5
10970,30,855,13597.0
11980,33,247,16302.5
4621,53,805,14359.5
18682,38,454,16771.5
5369,32,488,9256.0
14574,27,743,12551.0
5413,60,867,10762.0
2133,33,855,11516.0
16800,28,614,1837.5
19702,35,748,16337.0
703,28,503,1397.5
1917,47,324,12349.5
10793,35,950,14661.0
1632,50,454,12349.5
16153,42,354,3902.5
11791,47,858,26262.0
14232,33,958,13706.0
5423,44,639,14359.5
16748,46,385,208359.0
7704,53,860,14359.5
16085,60,866,12402.0
733,62,324,8385.0
11953,53,928,3174.0
4790,35,805,16337.0
3160,60,945,2448.0
4060,35,538,13263.0
152,44,445,15895.5
3808,62,536,15053.0
9698,42,653,14359.5
3194,69,805,82565.0
13201,38,535,11046.0
14272,47,243,286428.0
16560,32,374,14661.0
4366,33,254,7375.0
9303,50,656,14359.5
19064,67,658,7842.0
15813,37,950,10937.0
15547,32,805,13597.0
2740,33,867,11201.0
14561,53,537,12349.5
3676,42,771,14359.5
979,42,748,14359.5
19247,35,314,97012.0
13091,33,447,9566.0
11963,34,686,60994.0
9483,66,324,13597.0
10936,28,658,11139.5
2917,47,355,10303.0
8215,33,799,15152.0
8371,33,372,12609.5
11304,61,863,15933.0
19295,40,656,1675.5
4321,32,683,6478.0
6897,66,445,8496.0
3272,27,883,6088.0
5003,47,516,12349.5
7064,30,748,8543.0
978,30,656,13597.0
14902,50,464,12349.5
16437,58,801,87173.0
9045,33,737,11516.0
15394,53,538,12349.5
6711,47,582,5332.0
12073,66,921,91458.0
1910,60,269,10991.0
4465,27,254,11516.0
17400,66,750,15353.0
3582,69,277,11034.0
1301,34,314,13597.0
3393,33,882,11516.0
17813,38,858,10144.0
1296,27,858,13091.0
6767,37,324,11516.0
6956,34,883,11046.0
15146,62,254,5683.0
15653,64,245,215530.0
4917,47,887,14359.5
13354,53,656,16430.0
6765,60,799,11046.0
13423,27,801,16302.5
4542,40,539,15933.0
7609,35,766,10496.0
19925,46,867,13780.0
4588,47,968,13212.5
17625,32,945,15918.0
19012,42,799,14359.5
7536,38,866,7081.0
14125,40,755,7563.0
16531,33,566,4161.0
15691,66,908,19261.0
2147,35,299,11516.0
9470,53,243,1340.0
3345,30,269,11046.0
13557,55,506,14309.5
17091,55,643,14359.5
8439,29,683,16337.0
11978,29,683,15357.0
2957,32,424,16337.0
16848,53,883,14274.0
464,34,245,16253.0
11685,49,863,42882.0
16699,47,958,14359.5
11375,32,538,16326.5
14400,32,653,16337.0
15434,35,268,7142.0
18435,44,516,12349.5
6179,67,507,11516.0
10767,37,723,11483.0
15949,29,966,7047.0
3385,56,123,4886.0
4050,62,623,11516.0
1912,42,945,17051.0
4607,60,249,15758.0
9177,64,966,16337.0
6588,42,685,7139.0
14683,66,631,299857.0
2072,69,723,6107.0
13784,60,860,16302.5
2036,62,686,17216.0
19938,55,865,19789.0
15460,53,258,12349.5
9272,62,802,19702.0
17373,33,683,13263.0
15372,38,315,88224.0
4147,37,914,16302.5
14925,46,723,16174.0
18082,35,923,11516.0
3633,39,928,10203.0
1094,33,683,6600.5
914,28,802,10203.0
15625,44,683,5672.0
8808,55,536,12349.5
13961,31,424,16337.0
7146,66,261,11483.0
7554,27,519,11046.0
14164,62,710,11516.0
4213,55,771,14359.5
17760,60,355,211510.0
2639,66,723,293850.0
10395,58,623,2840.0
13782,32,574,10937.0
11857,55,799,5751.0
17828,53,516,2854.0
6512,31,623,9649.0
4980,27,684,12609.5
16288,30,708,15357.0
4539,66,683,13860.0
2746,55,958,172751.0
9602,27,575,16337.0
2503,34,516,16337.0
17749,33,299,16302.5
9137,34,447,11516.0
18520,46,324,2854.0
14380,42,254,10967.0
6043,32,974,11516.0
12293,32,249,16302.5
9213,31,249,11516.0
11939,69,385,3457.0
5253,60,700,2463.0
11001,40,628,11516.0
11672,33,639,13706.0
11662,53,330,10303.0
2100,34,883,7281.0
14706,69,883,11283.0
3343,47,737,15711.0
14694,46,908,14359.5
12286,66,698,142594.0
2573,38,748,7281.0
4405,40,614,7830.5
15328,35,485,17028.0
16675,66,299,198645.5
6356,55,588,17051.0
190,37,626,176945.0
14147,33,537,11516.0
6000,28,969,15152.0
7590,30,508,11516.0
14547,66,748,7830.5
3697,38,818,10286.5
15354,49,859,14359.5
17981,49,801,14617.5
1116,38,485,6647.5
8800,28,799,12402.0
8262,66,539,13882.5
6703,66,748,8031.0
3106,40,395,9660.0
12287,35,247,15152.0
9820,69,583,11034.0
16451,49,805,18832.5
4115,66,268,4142.0
4058,60,536,13297.0
19806,33,737,15152.0
12335,42,626,14359.5
16027,34,743,11516.0
19768,53,805,10518.5
13421,25,743,13263.0
6055,30,653,124299.0
6535,35,268,10937.0
10504,39,685,12609.5
6526,35,505,124851.0
3431,34,511,15423.0
5043,33,683,11516.0
9327,35,631,12609.5
13549,47,355,18638.0
14304,35,330,3079.0
18986,35,799,15152.0
19265,34,486,16337.0
11092,42,424,1560.0
18583,29,468,19291.5
6853,32,488,4002.0
4263,69,243,16202.0
3056,66,305,15518.0
11490,66,505,15518.0
6461,47,243,12349.5
9014,66,723,11516.0
7047,60,270,5250.5
8466,29,394,16337.0
10498,37,858,11516.0
11480,37,748,11210.0
13155,38,351,5123.5
6443,35,614,10286.5
13873,28,623,15152.0
6752,44,647,14359.5
5028,34,505,7818.0
9184,55,653,1529.0
9784,31,247,10555.0
9051,44,505,18814.0
11217,27,924,11516.0
17301,33,867,12609.5
2968,46,516,14309.5
19623,29,243,139709.0
11236,35,428,12609.5
7243,34,516,11516.0
12061,37,867,14009.5
4342,34,968,12402.0
18744,67,583,10476.0
690,47,647,16174.0
774,66,818,9170.0
2084,35,866,11516.0
15092,42,314,14617.5
3363,44,614,14359.5
14278,27,863,11516.0
15961,38,736,22224.5
14133,34,812,20116.0
13434,25,743,14048.0
19223,27,554,10332.0
2354,55,445,14309.5
5971,47,858,14359.5
13391,34,812,9256.0
8203,62,866,12489.0
2327,28,249,13357.0
16445,32,802,12402.0
6553,56,247,13655.5
19489,37,700,7287.0
12807,33,269,13484.0
9816,33,485,15414.5
17486,32,805,13597.0
1743,58,631,10598.0
9557,62,805,19706.0
11536,32,743,5066.0
1183,56,395,12402.0
5508,31,771,15414.5
13608,46,713,17051.0
5677,32,245,2639.5
3747,44,799,16174.0
12472,40,566,19242.0
8208,37,485,8701.5
8612,47,628,10731.0
18285,27,536,11516.0
12030,38,908,18365.0
10800,60,325,5488.0
3044,27,958,16452.5
8944,64,523,12609.5
7875,34,865,12402.0
18130,46,454,9757.5
3096,40,700,4063.0
6213,53,805,12265.0
7864,64,503,227806.0
691,38,233,8739.0
3879,47,454,14309.5
12835,40,249,16302.5
17541,38,254,19561.0
4248,30,505,5393.0
15049,38,243,11516.0
8184,56,354,13655.5
14058,40,372,15152.0
3521,58,858,15152.0
5699,47,243,12349.5
4408,30,370,16302.5
8695,35,723,16048.0
6575,38,371,11516.0
2378,42,554,5332.0
10157,33,574,22224.5
14956,62,628,9788.0
10695,35,266,11516.0
16062,53,233,16174.0
7022,30,296,11516.0
17023,55,766,12021.0
14327,49,805,14359.5
10563,33,966,12609.5
12455,28,683,292204.0
12250,27,516,15357.0
4293,58,937,11516.0
5005,60,805,6600.5
677,36,355,10555.0
3918,34,911,12416.0
16903,33,801,8604.0
8417,64,743,13882.5
6772,27,503,27283.0
12906,60,743,14661.0
180,38,686,4105.0
8338,37,656,8604.0
9122,34,958,6600.5
409,69,516,13686.0
16311,31,254,11516.0
7416,33,801,18605.0
9564,38,249,16302.5
6656,30,700,15634.0
51,42,812,14359.5
9086,27,858,11516.0
8838,53,270,12349.5
88,61,802,316574.0
19565,35,748,16302.5
18997,30,748,11516.0
14413,47,505,12349.5
7796,60,516,9617.0
141,51,330,133509.0
4910,53,658,2552.5
1579,53,614,14359.5
17193,33,908,13860.0
12526,55,244,16174.0
16410,47,331,7285.0
1153,37,766,14661.0
1539,33,511,12090.0
5640,32,743,16771.5
9594,27,538,137148.0
2935,53,574,12349.5
7867,53,656,14359.5
12119,33,355,14107.5
6721,60,268,12609.5
19555,37,880,16771.5
11357,67,614,9256.0
12051,42,882,7285.0
4290,53,508,9757.5
14921,35,956,14661.0
19225,53,964,11153.0
1337,63,395,332508.0
18567,31,743,12609.5
4894,30,958,287169.0
19242,47,638,10230.0
1476,69,488,6501.0
18248,69,249,17838.0
10180,42,867,13780.0
13174,33,921,12609.5
2685,29,249,18985.5
19803,64,737,7570.0
8024,44,887,10513.0
259,27,958,12402.0
13612,53,683,14359.5
14968,33,700,114417.0
19062,35,325,40265.0
3208,28,966,87173.0
12355,32,683,6478.0
16241,64,771,38381.0
1174,37,683,85155.0
4310,31,836,18106.5
18832,58,575,6602.0
16489,62,123,9654.0
17750,66,244,39851.0
18515,60,249,11516.0
17572,60,516,15152.0
3952,27,883,7902.5
6430,31,614,15336.5
10005,33,864,11516.0
6859,33,507,11516.0
5336,37,958,12609.5
12461,44,974,10303.0
3273,55,743,14359.5
6781,69,683,287695.0
499,27,700,11201.0
9074,30,855,10576.0
7276,69,523,10476.0
10345,58,867,8108.0
7338,42,966,14359.5
572,53,928,12265.0
15334,38,958,11478.5
10064,34,713,65880.0
12437,32,394,11516.0
9232,53,693,13212.5
12838,47,464,4173.0
15498,34,921,7649.0
15981,27,249,13564.0
19901,55,523,12402.0
8342,42,968,5816.0
15178,35,374,39794.5
2489,27,863,15152.0
14309,47,296,167055.0
52,38,269,11516.0
19996,35,863,15941.0
12150,47,684,14359.5
2933,53,887,14359.5
13457,32,958,20245.0
609,37,233,14009.5
14855,69,516,13882.5
1980,55,855,14359.5
8773,58,638,12609.5
16501,42,748,172301.0
9318,44,508,12349.5
19128,55,958,14359.5
9934,58,508,13297.0
107,60,466,2783.0
420,35,866,12402.0
3650,28,855,15152.0
14301,47,614,5550.0
16059,50,537,18832.5
89,28,464,141176.0
8303,40,638,16337.0
18238,33,268,15941.0
15251,37,796,169810.0
14549,62,363,15518.0
8872,34,812,12199.0
11392,42,516,14309.5
10595,33,331,11516.0
1543,38,503,11550.5
12901,40,631,13655.5
10306,62,805,6107.0
18943,67,330,39794.5
16738,50,908,37158.0
16980,69,748,3457.0
6538,63,245,14009.5
16050,37,454,13860.0
12736,66,536,2575.0
19478,37,713,10203.0
17978,35,911,16337.0
7207,58,516,215530.0
16005,35,485,12609.5
5973,47,911,18376.0
12959,28,911,6647.5
4413,50,859,17040.0
16351,29,748,18106.5
13954,62,867,13603.5
13733,56,623,217412.0
19542,44,269,15289.0
5786,35,254,2027.0
11344,33,374,15152.0
4374,37,970,16771.5
12569,37,882,11516.0
3386,47,267,2143.0
5066,47,583,168742.0
6595,33,296,13284.0
4564,66,957,14580.0
1644,55,723,17085.5
12889,53,743,16174.0
2752,30,445,16337.0
17272,35,374,17246.0
7923,36,802,12382.0
10059,30,270,15152.0
17438,27,464,12609.5
9164,35,743,11516.0
19450,32,525,13597.0
18240,42,588,14165.0
16407,66,638,11168.0
9243,32,511,5488.0
9979,62,809,91458.0
2007,28,254,142594.0
11959,55,355,3799.5
9527,33,582,8305.0
18383,33,698,11516.0
6875,39,523,14107.5
17249,47,805,102208.0
9667,33,863,15152.0
11511,53,685,14359.5
13878,47,653,14359.5
16114,40,269,2783.0
8850,60,523,164413.0
9593,29,683,6600.5
14615,69,314,13603.5
14162,33,274,6840.0
14967,62,864,15518.0
5757,44,485,14309.5
17397,37,233,2575.0
6787,33,653,5696.5
4167,64,516,17577.0
10775,30,683,12609.5
15839,66,922,11516.0
5806,63,882,13263.0
11328,47,626,14359.5
13193,64,330,2840.0
2871,38,233,16905.0
4319,42,454,15895.5
7252,42,760,14359.5
10753,34,710,7494.0
4787,27,802,13263.0
1982,44,508,12349.5
12599,29,268,15234.0
4842,53,685,17980.0
5578,62,355,16257.5
19087,47,464,172301.0
3013,69,969,12442.0
730,35,866,11516.0
10544,42,370,10303.0
12004,35,554,12609.5
14481,29,914,11550.5
2231,33,575,16302.5
8009,30,647,96589.0
7055,37,243,13597.0
9648,28,683,19631.0
14284,60,233,15758.0
10445,32,466,4868.5
3886,47,866,6281.0
11969,30,723,11516.0
10126,34,643,14661.0
3816,42,631,176836.0
1485,40,503,12416.0
5434,40,866,16337.0
4386,55,249,12349.5
18457,37,485,16302.5
8021,34,525,16337.0
8947,32,882,127893.0
1619,35,249,11516.0
8045,40,464,16337.0
8391,47,574,14165.0
448,66,464,16253.0
10081,66,883,2958.0
19538,62,606,15036.5
1400,62,259,10992.0
16598,47,448,12349.5
5277,42,743,5751.0
15262,32,927,9114.5
18491,53,708,12402.0
12269,33,249,12416.0
4361,44,743,14359.5
10099,30,488,11516.0
6056,30,966,12609.5
7709,37,805,11516.0
1690,37,394,14559.0
15317,40,796,9511.0
12891,50,535,14274.0
6976,63,370,11516.0
15321,34,725,2893.0
11931,53,508,9567.0
10381,39,966,8604.0
12962,35,631,24110.0
19599,40,809,10555.0
19377,55,395,12349.5
18851,38,394,10286.5
15272,62,268,15152.0
3941,34,249,10555.0
18522,35,503,11516.0
16032,40,914,11516.0
13453,55,743,15895.5
9947,29,945,12609.5
5544,69,614,5066.0
14300,42,762,5672.0
2322,42,354,12349.5
7580,33,799,8481.0
8844,69,446,11034.0
13619,64,245,2575.0
45,30,269,11516.0
9973,33,507,332903.0
3293,32,385,15357.0
14577,53,536,12349.5
11020,28,466,11516.0
6663,30,300,146206.5
5776,62,516,2757.5
10209,69,268,9617.0
3658,62,485,16048.0
19540,69,653,16957.0
3776,37,386,13597.0
3123,69,574,9628.0
16060,55,883,16932.0
18404,46,748,2709.0
3570,30,802,16337.0
8278,58,249,11483.0
2811,35,631,11046.0
13285,38,394,10203.0
15533,30,535,14107.5
3680,47,974,14359.5
3973,34,638,17312.0
5524,33,270,6840.0
13072,32,525,4886.0
3696,39,325,14509.0
64,60,683,13597.0
3326,56,653,11516.0
14251,34,686,16337.0
3720,27,448,13263.0
15705,32,866,16337.0
1064,35,725,11516.0
12508,53,249,10902.5
11724,56,640,8781.0
5469,36,394,12609.5
13597,47,519,12349.5
7456,29,700,15152.0
224,58,485,10203.0
6878,33,506,131896.0
17786,30,748,24785.0
16937,29,945,90968.0
14567,33,330,11516.0
15988,39,249,11516.0
155,29,683,96589.0
13424,35,445,13597.0
19537,31,259,11516.0
7331,28,708,16302.5
16626,47,485,83641.0
234,33,623,9114.5
10120,29,506,16326.5
1464,30,708,11516.0
1382,55,269,176836.0
1475,30,614,3583.0
4132,47,748,2552.5
2651,32,464,15357.0
17692,40,385,35092.0
17221,42,233,12349.5
5144,35,863,8631.0
2762,46,243,14560.0
2037,38,629,12402.0
14076,32,588,11516.0
19514,30,865,11516.0
241,30,683,11516.0
8312,62,249,16426.0
4585,30,867,11516.0
13215,28,354,16302.5
8920,29,658,16337.0
17219,30,394,15724.0
12144,29,683,15152.0
9171,46,508,12349.5
13877,32,812,8604.0
9061,53,355,9790.0
16934,47,867,14359.5
13243,53,370,15895.5
9192,38,723,322653.0
6214,32,653,6768.0
19791,44,656,14359.5
16218,42,860,14359.5
15683,61,505,14011.0
19620,30,488,11516.0
15377,53,506,12349.5
2538,58,771,16337.0
7397,30,863,14107.5
19928,63,686,13484.5
18858,66,812,19900.0
19045,35,638,14107.5
6301,28,248,11516.0
18934,35,614,11516.0
12468,47,488,15289.0
12755,40,958,11820.0
4909,37,506,14107.5
6172,53,269,10902.5
5444,33,640,16337.0
18835,69,511,18147.0
6180,62,859,7233.0
8583,37,863,11516.0
19314,29,259,82732.0
3628,34,805,15152.0
8459,27,535,12609.5
6808,46,355,7268.0
13361,60,299,16302.5
18552,58,911,6777.0
13324,69,248,15568.5
9928,42,737,14359.5
19973,38,330,3956.0
11614,27,244,16337.0
7601,37,867,20058.0
1355,29,574,14661.0
19678,53,805,14359.5
18925,42,700,14359.5
6372,40,771,10555.0
1889,33,372,12609.5
11848,60,445,164413.0
1945,31,945,11046.0
4529,32,464,1397.5
5756,50,446,9757.5
13099,53,684,17673.0
7073,47,737,293638.0
3550,53,485,14309.5
296,30,708,16337.0
16384,27,620,6691.5
2208,30,268,14019.5
8426,31,685,10555.0
13043,53,355,12265.0
8795,34,583,11516.0
18192,33,801,9115.5
4490,58,628,7570.0
632,32,863,10286.5
6800,33,799,16905.0
14049,51,245,1478.0
3890,38,249,11516.0
9385,63,464,6107.0
11178,58,685,14863.5
17085,30,864,14661.0
5260,34,523,10203.0
2792,55,265,17040.0
12488,55,958,4634.0
9,32,588,13263.0
1718,42,554,15895.5
13020,53,331,6890.5
12504,44,737,17981.0
12333,30,265,16337.0
19287,44,516,12349.5
3632,51,299,172301.0
19625,27,523,11196.0
1095,27,823,15941.0
8023,53,249,8119.0
2301,42,123,12265.0
1540,62,860,11196.0
15202,62,945,38804.0
973,69,631,17216.0
7316,46,372,14309.5
10024,32,801,14661.0
11546,66,372,15152.0
2717,69,447,89864.5
3611,58,633,12199.0
938,27,969,8385.0
8521,38,750,16337.0
14763,32,638,11692.0
9878,55,245,14937.0
7731,61,867,293272.0
14126,32,653,11516.0
16338,32,713,316574.0
8785,69,269,9654.0
14604,46,385,14309.5
17036,47,539,6865.0
19259,69,700,9917.0
3949,66,683,13728.5
17819,53,748,14274.0
18738,63,658,11516.0
3047,40,446,292204.0
13516,28,486,17028.0
245,47,355,17520.0
2006,29,269,16302.5
370,58,395,13153.0
8366,30,626,16337.0
14031,49,737,10303.0
5258,29,447,10286.5
4863,37,488,15357.0
14085,32,700,13655.5
8276,28,270,8840.0
10884,32,883,14107.5
11385,33,723,14661.0
10148,49,485,102733.0
14645,37,447,405850.0
3173,40,626,15918.0
13059,69,737,16302.5
8047,44,796,14359.5
1986,27,958,4624.0
14377,47,486,10980.5
2734,30,922,11516.0
11788,53,723,14617.5
14465,27,355,16771.5
10932,32,488,14107.5
18434,30,258,19291.5
12169,35,628,151618.5
1426,42,683,331696.0
5450,47,748,16932.0
1705,38,123,11516.0
12622,27,683,29866.0
12469,27,582,11516.0
12629,46,937,15895.5
11948,34,523,8200.0
8728,29,683,15152.0
1039,58,956,4370.0
14684,28,554,14310.0
13226,42,588,12349.5
10634,28,867,17221.0
17977,28,638,11516.0
3243,53,299,17358.0
11315,47,503,5751.0
9800,53,385,172301.0
12013,38,683,8138.0
10439,33,588,14661.0
3287,53,631,14359.5
15231,35,385,18106.5
4373,32,866,14688.0
5207,35,623,15152.0
7834,49,866,14359.5
14915,47,883,14359.5
9984,29,445,9114.5
11874,33,606,15568.5
10354,69,314,89864.5
8403,69,485,1497.5
13141,47,247,10637.5
11585,37,914,11516.0
3818,28,647,13263.0
15477,36,743,212061.0
16242,53,966,16174.0
18353,53,748,155732.5
15206,27,454,9371.0
13030,38,799,14107.5
12879,53,249,14309.5
10997,29,737,9788.0
6692,40,836,173173.0
14950,35,867,9115.5
17940,27,244,14186.0
14799,58,575,10576.0
16752,51,330,12349.5
6842,62,801,11516.0
12830,37,488,14186.0
19394,62,708,2757.5
6276,29,855,13263.0
17220,58,454,9115.5
8885,60,331,11516.0
120,28,394,10555.0
19614,29,801,10025.0
12747,38,683,5334.0
16393,69,394,16302.5
17975,33,799,18985.5
7200,31,911,13263.0
16595,62,454,227806.0
17367,69,511,15941.0
14051,66,863,11046.0
3752,29,539,1266.0
6941,39,958,70903.0
6691,36,809,11516.0
5749,28,748,11483.0
9629,28,233,10286.5
16475,47,737,1560.0
2008,31,867,11483.0
4435,34,454,11516.0
9827,33,883,18872.5
18639,27,575,16048.0
8330,37,748,7270.0
15427,66,614,16302.5
13470,47,394,12349.5
2009,34,746,20116.0
11987,30,254,11516.0
7953,30,503,11516.0
6265,66,766,14580.0
10181,63,771,16849.0
9866,69,267,16202.0
13124,47,626,14359.5
5617,36,123,8543.0
3003,66,908,14369.0
13034,44,623,10731.0
836,39,945,11516.0
4480,60,723,7902.5
18416,34,371,11516.0
12339,55,656,1560.0
2866,37,428,11483.0
11822,62,623,15758.0
7659,34,554,11516.0
12043,66,867,11168.0
3389,30,256,14107.5
12183,60,245,15758.0
3150,47,805,18386.0
13904,28,923,15336.5
5807,47,623,14359.5
15506,42,574,15195.0
3295,37,805,1675.5
19492,33,927,15152.0
8488,31,928,16302.5
11266,53,249,16174.0
12138,30,296,10144.0
9181,63,505,16302.5
13722,33,743,11516.0
5674,53,801,11156.0
11345,66,249,11692.0
12334,42,629,14359.5
1402,33,858,299005.0
4200,60,686,19706.0
7126,30,249,11516.0
15923,35,355,9371.0
13943,60,268,15152.0
4966,35,914,85020.0
19389,69,268,2472.0
12817,37,372,6691.5
19763,27,966,16337.0
6242,55,511,12349.5
7546,35,523,114417.0
17773,42,574,942.0
5610,32,809,3867.0
8514,58,244,167150.0
13895,46,331,17051.0
5436,30,314,177582.0
17700,37,908,140356.0
15352,66,710,11168.0
3605,30,505,14107.5
19465,64,911,10598.0
878,46,454,12349.5
9155,66,430,12416.0
12684,58,964,12609.5
19252,66,299,6901.0
18453,46,535,133509.0
18452,33,750,13597.0
12754,42,860,4283.0
1938,62,700,9693.0
5410,32,958,4530.0
3024,40,683,60994.0
17595,32,723,15152.0
4385,47,454,12349.5
15267,30,698,966.0
9330,66,750,315444.0
9432,30,799,2783.0
16420,46,836,13995.0
9238,69,233,18147.0
14482,34,265,11516.0
7021,58,355,215530.0
13590,37,805,11516.0
13104,46,445,2854.0
9333,35,713,119707.0
4709,33,447,14747.0
16234,34,299,13597.0
6762,31,386,16337.0
713,30,523,15011.0
19072,28,802,11516.0
13750,35,693,11139.5
17744,60,508,8031.0
19284,37,626,16048.0
3957,29,256,4636.0
19325,27,330,11516.0
726,32,588,24785.0
8998,33,750,24110.0
12987,46,464,3638.5
9612,31,867,16337.0
4204,34,486,12609.5
15885,64,653,17838.0
15583,37,249,19561.0
19541,42,508,8119.0
851,69,385,11516.0
2273,40,248,207792.0
7472,60,535,13564.0
4549,33,748,17830.0
15093,37,505,11516.0
3004,66,305,10332.0
13348,37,314,14107.5
13487,55,395,17051.0
14432,40,454,10203.0
5117,40,539,1266.0
17697,55,966,15895.5
14752,47,330,12349.5
17986,64,274,15758.0
5836,40,503,130367.0
17034,34,594,15711.0
4418,34,928,17028.0
8995,46,354,9757.5
8824,58,683,8973.0
15325,53,372,2143.0
14160,30,685,16302.5
11476,66,633,20332.0
19071,33,446,15234.0
3819,58,300,166799.0
4084,38,259,124299.0
3274,69,957,164413.0
6937,35,249,16337.0
13400,32,536,11046.0
2691,38,723,12402.0
1536,28,445,296786.0
18841,32,355,14009.5
6093,37,249,12434.0
13791,30,516,12609.5
3934,33,508,16302.5
18787,62,249,15171.0
17920,35,372,14661.0
965,66,686,164413.0
17326,35,269,13655.5
19091,28,684,18985.5
4494,35,883,11516.0
14426,37,554,114417.0
6657,30,958,139709.0
11371,47,354,270582.5
3811,35,867,11201.0
18505,35,685,17638.5
3585,55,683,17583.0
15925,47,372,14165.0
2760,69,486,2368.5
13751,33,395,15629.0
12909,39,268,11046.0
19629,69,575,14560.0
14638,55,656,14359.5
7350,27,644,15941.0
15598,35,385,12841.0
11845,27,743,15152.0
18871,42,805,14359.5
6228,55,233,14309.5
16918,53,535,10902.5
8281,58,684,12402.0
744,27,233,8305.0
16385,35,638,7830.5
2161,28,631,13263.0
9900,53,914,14359.5
4363,33,956,15336.5
8022,32,508,16337.0
15604,47,867,14359.5
8094,35,683,14661.0
11841,37,268,16253.0
3734,62,249,12090.0
17100,30,523,13863.0
10585,32,428,16991.0
19337,33,633,8701.5
13926,34,583,16302.5
13671,33,554,14107.5
17254,47,743,14359.5
13568,58,805,293850.0
16084,64,685,336878.0
15405,33,583,11516.0
14480,29,963,12551.0
14895,28,883,16337.0
2218,53,485,12349.5
7196,53,374,11536.0
6034,27,575,97012.0
16186,66,623,11034.0
385,35,867,6104.0
3517,66,614,6602.0
8014,53,538,5306.0
14368,30,270,14661.0
17309,46,631,13780.0
18587,58,511,35092.0
1224,46,454,12349.5
2865,30,299,12402.0
9884,37,503,16253.0
5956,63,700,18872.5
18395,33,700,18485.0
158,53,299,14309.5
18957,35,653,11046.0
870,33,574,7375.0
285,49,927,14165.0
3410,47,683,134909.0
1892,64,355,3795.0
10187,67,805,15518.0
8166,31,968,16048.0
14759,62,628,32029.0
19096,66,249,9617.0
19248,33,928,14489.0
946,46,805,290484.0
4273,30,748,293039.0
17346,31,296,10144.0
19011,33,638,217412.0
8437,34,945,19120.0
12458,66,710,12489.0
19161,56,762,2840.0
15531,40,945,8739.0
14225,30,385,4002.0
6382,29,505,12402.0
6509,29,858,11516.0
951,28,766,11516.0
15104,42,638,17051.0
10608,69,245,7456.0
16811,47,743,14359.5
11764,42,249,12349.5
13198,34,536,13233.0
13314,60,296,82830.5
14885,32,394,12402.0
4627,39,640,15152.0
8188,32,708,11516.0
18232,30,454,16141.0
163,46,485,10980.5
9651,35,908,11516.0
9111,35,866,15152.0
14721,27,594,10476.0
14068,47,855,14359.5
17022,40,855,17396.0
431,60,700,11516.0
912,47,454,9757.5
17425,29,538,295044.0
6826,35,855,13597.0
6611,58,233,4161.0
320,42,653,14359.5
199,60,330,15152.0
13001,64,485,16302.5
18765,32,958,11516.0
13681,47,866,14359.5
1240,28,805,2629.0
11571,55,446,6801.0
95,28,683,10286.5
15865,60,809,9788.0
9175,69,698,119707.0
15500,35,748,17850.0
227,32,488,15568.5
1139,30,955,11516.0
18224,35,723,14107.5
12306,33,882,11516.0
1289,31,355,12609.5
19735,28,864,65880.0
11535,53,267,1478.0
16039,34,766,13095.0
19956,60,809,15918.0
3029,53,244,6896.0
15616,37,643,11516.0
13357,33,620,11201.0
12947,34,330,19291.5
18064,33,447,214889.0
15238,42,606,3174.0
10363,51,614,3905.0
8113,42,299,12349.5
7671,28,394,10496.0
19118,32,538,19291.5
15024,35,468,16302.5
9383,38,325,11516.0
4913,33,708,14048.0
2455,60,809,1266.0
10863,55,606,14359.5
1270,66,354,6364.5
6821,32,619,15152.0
19427,63,628,15392.0
16150,36,656,16302.5
11635,32,614,16302.5
8908,32,750,14661.0
538,60,485,39794.5
7908,53,867,14359.5
19381,33,505,1900.0
5598,47,658,293638.0
4924,33,683,11516.0
13570,44,945,14359.5
2203,33,265,16257.5
11974,67,259,16897.0
6036,53,887,17051.0
17416,25,508,15357.0
11158,35,865,169810.0
4426,46,914,83641.0
19816,55,700,17051.0
9506,62,424,2669.0
10927,44,748,545.0
13046,38,354,17830.0
11811,30,505,17028.0
5537,33,860,14019.5
18898,47,385,11172.0
7138,40,766,11516.0
12054,35,867,4063.0
14239,33,802,15353.0
13501,53,445,17149.5
14836,35,631,8010.0
975,37,536,12402.0
3778,37,700,14011.0
16809,25,683,16302.5
5354,69,866,17435.5
14341,53,883,7718.5
10962,35,653,12609.5
14410,66,963,11126.0
3549,33,882,12609.5
4312,27,805,1837.5
5356,69,937,14481.0
6690,32,247,18106.5
12436,32,723,12402.0
19367,36,911,11201.0
7637,34,249,13597.0
5453,28,818,7563.0
11575,44,858,18638.0
2195,47,519,12349.5
13949,63,945,7742.0
16442,60,638,38381.0
17342,62,374,11516.0
2159,40,369,11516.0
618,29,454,85155.0
10147,60,537,1900.0
7387,30,921,11139.5
4113,66,864,10203.0
14259,60,485,11976.0
7764,58,863,11483.0
16654,35,685,11516.0
15228,53,508,17148.5
19609,35,867,13263.0
17441,38,802,3079.0
10551,55,737,17085.5
17795,47,464,10303.0
12942,32,614,7494.0
149,28,594,296608.0
17680,30,507,13597.0
15402,69,445,39794.5
8723,53,307,10303.0
16532,47,296,14309.5
11859,36,503,15152.0
903,42,683,14359.5
8766,53,503,12349.5
16165,53,464,7927.0
5379,38,269,16302.5
6314,40,883,39794.5
15884,42,710,208359.0
3089,29,799,12609.5
12984,42,683,14359.5
7684,34,385,13597.0
3187,33,640,14009.5
9054,60,968,9566.0
12512,35,523,10476.0
14224,53,723,20058.0
18740,62,863,12090.0
18134,34,882,15336.5
